<?xml version="1.0" encoding="UTF-8"?>
<equipment_tables game_mode="35e" xmlns:xsi="http://www.w3.org/2001/XMLSchema-instance" xsi:noNamespaceSchemaLocation="treasure.xsd">
	<table id="CR1_COINS" name="CR1 Coins">
		<entry weight="14" name="None">
			<equipment></equipment>
		</entry>
		<entry weight="15" name="1d6x1,000 cp">
			<equipment value="Coin (Copper)" quantity="roll(&quot;1d6&quot;)*1000" />
		</entry>
		<entry weight="23" name="1d8x100 sp">
			<equipment value="Coin (Silver)" quantity="roll(&quot;1d8&quot;)*100" />
		</entry>
		<entry weight="43" name="2d8x10 gp">
			<equipment value="Coin (Gold)" quantity="roll(&quot;2d8&quot;)*10" />
		</entry>
		<entry weight="5" name="1d4x10 pp">
			<equipment value="Coin (Platinum)" quantity="roll(&quot;1d4&quot;)*10" />
		</entry>
	</table>
	<table id="CR2_COINS" name="CR2 Coins">
		<entry weight="13" name="None">
			<equipment></equipment>
		</entry>
		<entry weight="10" name="1d10x1,000 cp">
			<equipment value="Coin (Copper)" quantity="roll(&quot;1d10&quot;)*1000" />
		</entry>
		<entry weight="20" name="2d10x100 sp">
			<equipment value="Coin (Silver)" quantity="roll(&quot;2d10&quot;)*100" />
		</entry>
		<entry weight="52" name="4d10x10 gp">
			<equipment value="Coin (Gold)" quantity="roll(&quot;4d10&quot;)*10" />
		</entry>
		<entry weight="5" name="2d8x10 pp">
			<equipment value="Coin (Platinum)" quantity="roll(&quot;2d8&quot;)*10" />
		</entry>
	</table>
	<table id="CR3_COINS" name="CR3 Coins">
		<entry weight="11" name="None">
			<equipment></equipment>
		</entry>
		<entry weight="10" name="1d10x1,000 cp">
			<equipment value="Coin (Copper)" quantity="roll(&quot;1d10&quot;)*1000" />
		</entry>
		<entry weight="20" name="4d8x100 sp">
			<equipment value="Coin (Silver)" quantity="roll(&quot;4d8&quot;)*100" />
		</entry>
		<entry weight="54" name="1d4x100 gp">
			<equipment value="Coin (Gold)" quantity="roll(&quot;1d4&quot;)*100" />
		</entry>
		<entry weight="5" name="1d10x10 pp">
			<equipment value="Coin (Platinum)" quantity="roll(&quot;1d10&quot;)*10" />
		</entry>
	</table>
	<table id="CR4_COINS" name="CR4 Coins">
		<entry weight="11" name="None">
			<equipment></equipment>
		</entry>
		<entry weight="10" name="3d10x1,000 cp">
			<equipment value="Coin (Copper)" quantity="roll(&quot;3d10&quot;)*1000" />
		</entry>
		<entry weight="20" name="4d12x1000 sp">
			<equipment value="Coin (Silver)" quantity="roll(&quot;4d12&quot;)*1000" />
		</entry>
		<entry weight="54" name="1d6x100 gp">
			<equipment value="Coin (Gold)" quantity="roll(&quot;1d6&quot;)*100" />
		</entry>
		<entry weight="5" name="1d8x10 pp">
			<equipment value="Coin (Platinum)" quantity="roll(&quot;1d8&quot;)*10" />
		</entry>
	</table>
	<table id="CR5_COINS" name="CR5 Coins">
		<entry weight="10" name="None">
			<equipment></equipment>
		</entry>
		<entry weight="9" name="1d4x10,000 cp">
			<equipment value="Coin (Copper)" quantity="roll(&quot;1d4&quot;)*10000" />
		</entry>
		<entry weight="19" name="1d6x1000 sp">
			<equipment value="Coin (Silver)" quantity="roll(&quot;1d6&quot;)*1000" />
		</entry>
		<entry weight="57" name="1d8x100 gp">
			<equipment value="Coin (Gold)" quantity="roll(&quot;1d8&quot;)*100" />
		</entry>
		<entry weight="5" name="1d10x10 pp">
			<equipment value="Coin (Platinum)" quantity="roll(&quot;1d10&quot;)*10" />
		</entry>
	</table>
	<table id="CR6_COINS" name="CR6 Coins">
		<entry weight="10" name="None">
			<equipment></equipment>
		</entry>
		<entry weight="8" name="1d6x10,000 cp">
			<equipment value="Coin (Copper)" quantity="roll(&quot;1d6&quot;)*10000" />
		</entry>
		<entry weight="19" name="1d8x1000 sp">
			<equipment value="Coin (Silver)" quantity="roll(&quot;1d8&quot;)*1000" />
		</entry>
		<entry weight="58" name="1d10x100 gp">
			<equipment value="Coin (Gold)" quantity="roll(&quot;1d10&quot;)*100" />
		</entry>
		<entry weight="5" name="1d12x10 pp">
			<equipment value="Coin (Platinum)" quantity="roll(&quot;1d12&quot;)*10" />
		</entry>
	</table>
	<table id="CR7_COINS" name="CR7 Coins">
		<entry weight="11" name="None">
			<equipment></equipment>
		</entry>
		<entry weight="7" name="1d10x10,000 cp">
			<equipment value="Coin (Copper)" quantity="roll(&quot;1d10&quot;)*10000" />
		</entry>
		<entry weight="17" name="1d12x1000 sp">
			<equipment value="Coin (Silver)" quantity="roll(&quot;1d12&quot;)*1000" />
		</entry>
		<entry weight="58" name="2d6x100 gp">
			<equipment value="Coin (Gold)" quantity="roll(&quot;2d6&quot;)*100" />
		</entry>
		<entry weight="7" name="3d4x10 pp">
			<equipment value="Coin (Platinum)" quantity="roll(&quot;3d4&quot;)*10" />
		</entry>
	</table>
	<table id="CR8_COINS" name="CR8 Coins">
		<entry weight="10" name="None">
			<equipment></equipment>
		</entry>
		<entry weight="5" name="1d12x10,000 cp">
			<equipment value="Coin (Copper)" quantity="roll(&quot;1d12&quot;)*10000" />
		</entry>
		<entry weight="14" name="2d6x1000 sp">
			<equipment value="Coin (Silver)" quantity="roll(&quot;2d6&quot;)*1000" />
		</entry>
		<entry weight="58" name="2d8x100 gp">
			<equipment value="Coin (Gold)" quantity="roll(&quot;2d8&quot;)*100" />
		</entry>
		<entry weight="13" name="3d6x10 pp">
			<equipment value="Coin (Platinum)" quantity="roll(&quot;3d6&quot;)*10" />
		</entry>
	</table>
	<table id="CR9_COINS" name="CR9 Coins">
		<entry weight="10" name="None">
			<equipment></equipment>
		</entry>
		<entry weight="5" name="2d6x10,000 cp">
			<equipment value="Coin (Copper)" quantity="roll(&quot;2d6&quot;)*10000" />
		</entry>
		<entry weight="14" name="2d8x1000 sp">
			<equipment value="Coin (Silver)" quantity="roll(&quot;2d8&quot;)*1000" />
		</entry>
		<entry weight="56" name="5d4x100 gp">
			<equipment value="Coin (Gold)" quantity="roll(&quot;5d4&quot;)*100" />
		</entry>
		<entry weight="15" name="2d12x10 pp">
			<equipment value="Coin (Platinum)" quantity="roll(&quot;2d12&quot;)*10" />
		</entry>
	</table>
	<table id="CR10_COINS" name="CR10 Coins">
		<entry weight="10" name="None">
			<equipment></equipment>
		</entry>
		<entry weight="14" name="2d10x1000 sp">
			<equipment value="Coin (Silver)" quantity="roll(&quot;2d10&quot;)*1000" />
		</entry>
		<entry weight="55" name="6d4x100 gp">
			<equipment value="Coin (Gold)" quantity="roll(&quot;6d4&quot;)*100" />
		</entry>
		<entry weight="21" name="5d6x10 pp">
			<equipment value="Coin (Platinum)" quantity="roll(&quot;5d6&quot;)*10" />
		</entry>
	</table>
	<table id="CR11_COINS" name="CR11 Coins">
		<entry weight="8" name="None">
			<equipment></equipment>
		</entry>
		<entry weight="6" name="3d10x1000 sp">
			<equipment value="Coin (Silver)" quantity="roll(&quot;3d10&quot;)*1000" />
		</entry>
		<entry weight="61" name="4d8x100 gp">
			<equipment value="Coin (Gold)" quantity="roll(&quot;4d8&quot;)*100" />
		</entry>
		<entry weight="25" name="4d10x10 pp">
			<equipment value="Coin (Platinum)" quantity="roll(&quot;4d10&quot;)*10" />
		</entry>
	</table>
	<table id="CR12_COINS" name="CR12 Coins">
		<entry weight="8" name="None">
			<equipment></equipment>
		</entry>
		<entry weight="6" name="3d12x1000 sp">
			<equipment value="Coin (Silver)" quantity="roll(&quot;3d12&quot;)*1000" />
		</entry>
		<entry weight="61" name="1d4x1000 gp">
			<equipment value="Coin (Gold)" quantity="roll(&quot;1d4&quot;)*1000" />
		</entry>
		<entry weight="25" name="1d4x100 pp">
			<equipment value="Coin (Platinum)" quantity="roll(&quot;1d4&quot;)*100" />
		</entry>
	</table>
	<table id="CR13_COINS" name="CR13 Coins">
		<entry weight="8" name="None">
			<equipment></equipment>
		</entry>
		<entry weight="67" name="1d4x1000 gp">
			<equipment value="Coin (Gold)" quantity="roll(&quot;1d4&quot;)*1000" />
		</entry>
		<entry weight="25" name="1d10x100 pp">
			<equipment value="Coin (Platinum)" quantity="roll(&quot;1d10&quot;)*100" />
		</entry>
	</table>
	<table id="CR14_COINS" name="CR14 Coins">
		<entry weight="8" name="None">
			<equipment></equipment>
		</entry>
		<entry weight="67" name="1d6x1000 gp">
			<equipment value="Coin (Gold)" quantity="roll(&quot;1d6&quot;)*1000" />
		</entry>
		<entry weight="25" name="1d12x100 pp">
			<equipment value="Coin (Platinum)" quantity="roll(&quot;1d12&quot;)*100" />
		</entry>
	</table>
	<table id="CR15_COINS" name="CR15 Coins">
		<entry weight="3" name="None">
			<equipment></equipment>
		</entry>
		<entry weight="71" name="1d8x1000 gp">
			<equipment value="Coin (Gold)" quantity="roll(&quot;1d8&quot;)*1000" />
		</entry>
		<entry weight="26" name="3d4x100 pp">
			<equipment value="Coin (Platinum)" quantity="roll(&quot;3d4&quot;)*100" />
		</entry>
	</table>
	<table id="CR16_COINS" name="CR16 Coins">
		<entry weight="3" name="None">
			<equipment></equipment>
		</entry>
		<entry weight="71" name="1d12x1000 gp">
			<equipment value="Coin (Gold)" quantity="roll(&quot;1d12&quot;)*1000" />
		</entry>
		<entry weight="26" name="3d4x100 pp">
			<equipment value="Coin (Platinum)" quantity="roll(&quot;3d4&quot;)*100" />
		</entry>
	</table>
	<table id="CR17_COINS" name="CR17 Coins">
		<entry weight="3" name="None">
			<equipment></equipment>
		</entry>
		<entry weight="65" name="3d4x1000 gp">
			<equipment value="Coin (Gold)" quantity="roll(&quot;3d4&quot;)*1000" />
		</entry>
		<entry weight="32" name="2d10x100 pp">
			<equipment value="Coin (Platinum)" quantity="roll(&quot;2d10&quot;)*100" />
		</entry>
	</table>
	<table id="CR18_COINS" name="CR18 Coins">
		<entry weight="2" name="None">
			<equipment></equipment>
		</entry>
		<entry weight="63" name="3d6x1000 gp">
			<equipment value="Coin (Gold)" quantity="roll(&quot;3d6&quot;)*1000" />
		</entry>
		<entry weight="35" name="5d4x100 pp">
			<equipment value="Coin (Platinum)" quantity="roll(&quot;5d4&quot;)*100" />
		</entry>
	</table>
	<table id="CR19_COINS" name="CR19 Coins">
		<entry weight="2" name="None">
			<equipment></equipment>
		</entry>
		<entry weight="63" name="3d8x1000 gp">
			<equipment value="Coin (Gold)" quantity="roll(&quot;3d8&quot;)*1000" />
		</entry>
		<entry weight="35" name="3d10x100 pp">
			<equipment value="Coin (Platinum)" quantity="roll(&quot;3d10&quot;)*100" />
		</entry>
	</table>
	<table id="CR20_COINS" name="CR20 Coins">
		<entry weight="2" name="None">
			<equipment></equipment>
		</entry>
		<entry weight="63" name="4d8x1000 gp">
			<equipment value="Coin (Gold)" quantity="roll(&quot;4d8&quot;)*1000" />
		</entry>
		<entry weight="35" name="4d10x100 pp">
			<equipment value="Coin (Platinum)" quantity="roll(&quot;4d10&quot;)*100" />
		</entry>
	</table>
</equipment_tables>
