<?xml version="1.0" encoding="UTF-8"?>
<equipment_tables game_mode="35e" xmlns:xsi="http://www.w3.org/2001/XMLSchema-instance" xsi:noNamespaceSchemaLocation="treasure.xsd">
	<table id="MIN_SCROLLS" name="Minor Scrolls">
		<entry weight="70" name="Arcane Scroll">
			<equipment link="MIN_ARCANE_SCROLL" />
		</entry>
		<entry weight="30" name="Divine Scroll">
			<equipment link="MIN_DIVINE_SCROLL" />
		</entry>
	</table>
	<table id="MED_SCROLLS" name="Medium Scrolls">
		<entry weight="70" name="Arcane Scroll">
			<equipment link="MED_ARCANE_SCROLL" />
		</entry>
		<entry weight="30" name="Divine Scroll">
			<equipment link="MED_DIVINE_SCROLL" />
		</entry>
	</table>
	<table id="MAJ_SCROLLS" name="Major Scrolls">
		<entry weight="70" name="Arcane Scroll">
			<equipment link="MAJ_ARCANE_SCROLL" />
		</entry>
		<entry weight="30" name="Divine Scroll">
			<equipment link="MAJ_DIVINE_SCROLL" />
			<equipment link="MAJ_DIVINE_SCROLL" />
		</entry>
	</table>
	<table id="MIN_ARCANE_SCROLL" name="Minor Arcane Scrolls">
		<entry weight="1" name="1 Spell">
			<equipment link="MIN_ARCANE_SCROLL_LEVEL" />
		</entry>
		<entry weight="1" name="2 Spell">
			<equipment link="MIN_ARCANE_SCROLL_LEVEL" />
			<equipment link="MIN_ARCANE_SCROLL_LEVEL" />
		</entry>
		<entry weight="1" name="3 Spell">
			<equipment link="MIN_ARCANE_SCROLL_LEVEL" />
			<equipment link="MIN_ARCANE_SCROLL_LEVEL" />
			<equipment link="MIN_ARCANE_SCROLL_LEVEL" />
		</entry>
	</table>
	<table id="MED_ARCANE_SCROLL" name="Medium Arcane Scrolls">
		<entry weight="1" name="1 Spell">
			<equipment link="MED_ARCANE_SCROLL_LEVEL" />
		</entry>
		<entry weight="1" name="2 Spell">
			<equipment link="MED_ARCANE_SCROLL_LEVEL" />
			<equipment link="MED_ARCANE_SCROLL_LEVEL" />
		</entry>
		<entry weight="1" name="3 Spell">
			<equipment link="MED_ARCANE_SCROLL_LEVEL" />
			<equipment link="MED_ARCANE_SCROLL_LEVEL" />
			<equipment link="MED_ARCANE_SCROLL_LEVEL" />
		</entry>
		<entry weight="1" name="4 Spell">
			<equipment link="MED_ARCANE_SCROLL_LEVEL" />
			<equipment link="MED_ARCANE_SCROLL_LEVEL" />
			<equipment link="MED_ARCANE_SCROLL_LEVEL" />
			<equipment link="MED_ARCANE_SCROLL_LEVEL" />
		</entry>
	</table>
	<table id="MAJ_ARCANE_SCROLL" name="Major Arcane Scrolls">
		<entry weight="1" name="1 Spell">
			<equipment link="MAJ_ARCANE_SCROLL_LEVEL" />
		</entry>
		<entry weight="1" name="2 Spell">
			<equipment link="MAJ_ARCANE_SCROLL_LEVEL" />
			<equipment link="MAJ_ARCANE_SCROLL_LEVEL" />
		</entry>
		<entry weight="1" name="3 Spell">
			<equipment link="MAJ_ARCANE_SCROLL_LEVEL" />
			<equipment link="MAJ_ARCANE_SCROLL_LEVEL" />
			<equipment link="MAJ_ARCANE_SCROLL_LEVEL" />
		</entry>
		<entry weight="1" name="4 Spell">
			<equipment link="MAJ_ARCANE_SCROLL_LEVEL" />
			<equipment link="MAJ_ARCANE_SCROLL_LEVEL" />
			<equipment link="MAJ_ARCANE_SCROLL_LEVEL" />
			<equipment link="MAJ_ARCANE_SCROLL_LEVEL" />
		</entry>
		<entry weight="1" name="5 Spell">
			<equipment link="MAJ_ARCANE_SCROLL_LEVEL" />
			<equipment link="MAJ_ARCANE_SCROLL_LEVEL" />
			<equipment link="MAJ_ARCANE_SCROLL_LEVEL" />
			<equipment link="MAJ_ARCANE_SCROLL_LEVEL" />
			<equipment link="MAJ_ARCANE_SCROLL_LEVEL" />
		</entry>
		<entry weight="1" name="6 Spell">
			<equipment link="MAJ_ARCANE_SCROLL_LEVEL" />
			<equipment link="MAJ_ARCANE_SCROLL_LEVEL" />
			<equipment link="MAJ_ARCANE_SCROLL_LEVEL" />
			<equipment link="MAJ_ARCANE_SCROLL_LEVEL" />
			<equipment link="MAJ_ARCANE_SCROLL_LEVEL" />
			<equipment link="MAJ_ARCANE_SCROLL_LEVEL" />
		</entry>
	</table>
	<table id="MIN_DIVINE_SCROLL" name="Minor Divine Scrolls">
		<entry weight="1" name="1 Spell">
			<equipment link="MIN_DIVINE_SCROLL_LEVEL" />
		</entry>
		<entry weight="1" name="2 Spell">
			<equipment link="MIN_DIVINE_SCROLL_LEVEL" />
			<equipment link="MIN_DIVINE_SCROLL_LEVEL" />
		</entry>
		<entry weight="1" name="3 Spell">
			<equipment link="MIN_DIVINE_SCROLL_LEVEL" />
			<equipment link="MIN_DIVINE_SCROLL_LEVEL" />
			<equipment link="MIN_DIVINE_SCROLL_LEVEL" />
		</entry>
	</table>
	<table id="MED_DIVINE_SCROLL" name="Medium Divine Scrolls">
		<entry weight="1" name="1 Spell">
			<equipment link="MED_DIVINE_SCROLL_LEVEL" />
		</entry>
		<entry weight="1" name="2 Spell">
			<equipment link="MED_DIVINE_SCROLL_LEVEL" />
			<equipment link="MED_DIVINE_SCROLL_LEVEL" />
		</entry>
		<entry weight="1" name="3 Spell">
			<equipment link="MED_DIVINE_SCROLL_LEVEL" />
			<equipment link="MED_DIVINE_SCROLL_LEVEL" />
			<equipment link="MED_DIVINE_SCROLL_LEVEL" />
		</entry>
		<entry weight="1" name="4 Spell">
			<equipment link="MED_DIVINE_SCROLL_LEVEL" />
			<equipment link="MED_DIVINE_SCROLL_LEVEL" />
			<equipment link="MED_DIVINE_SCROLL_LEVEL" />
			<equipment link="MED_DIVINE_SCROLL_LEVEL" />
		</entry>
	</table>
	<table id="MAJ_DIVINE_SCROLL" name="Major Divine Scrolls">
		<entry weight="1" name="1 Spell">
			<equipment link="MAJ_DIVINE_SCROLL_LEVEL" />
		</entry>
		<entry weight="1" name="2 Spell">
			<equipment link="MAJ_DIVINE_SCROLL_LEVEL" />
			<equipment link="MAJ_DIVINE_SCROLL_LEVEL" />
		</entry>
		<entry weight="1" name="3 Spell">
			<equipment link="MAJ_DIVINE_SCROLL_LEVEL" />
			<equipment link="MAJ_DIVINE_SCROLL_LEVEL" />
			<equipment link="MAJ_DIVINE_SCROLL_LEVEL" />
		</entry>
		<entry weight="1" name="4 Spell">
			<equipment link="MAJ_DIVINE_SCROLL_LEVEL" />
			<equipment link="MAJ_DIVINE_SCROLL_LEVEL" />
			<equipment link="MAJ_DIVINE_SCROLL_LEVEL" />
			<equipment link="MAJ_DIVINE_SCROLL_LEVEL" />
		</entry>
		<entry weight="1" name="5 Spell">
			<equipment link="MAJ_DIVINE_SCROLL_LEVEL" />
			<equipment link="MAJ_DIVINE_SCROLL_LEVEL" />
			<equipment link="MAJ_DIVINE_SCROLL_LEVEL" />
			<equipment link="MAJ_DIVINE_SCROLL_LEVEL" />
			<equipment link="MAJ_DIVINE_SCROLL_LEVEL" />
		</entry>
		<entry weight="1" name="6 Spell">
			<equipment link="MAJ_DIVINE_SCROLL_LEVEL" />
			<equipment link="MAJ_DIVINE_SCROLL_LEVEL" />
			<equipment link="MAJ_DIVINE_SCROLL_LEVEL" />
			<equipment link="MAJ_DIVINE_SCROLL_LEVEL" />
			<equipment link="MAJ_DIVINE_SCROLL_LEVEL" />
			<equipment link="MAJ_DIVINE_SCROLL_LEVEL" />
		</entry>
	</table>
	<table id="MIN_ARCANE_SCROLL_LEVEL" name="Minor Arcane Scroll Spell Levels">
		<entry weight="5" name="0 Level">
			<equipment link="ARCANE_LEVEL_0" />
		</entry>
		<entry weight="55" name="1st Level">
			<equipment link="ARCANE_LEVEL_1" />
		</entry>
		<entry weight="45" name="2nd Level">
			<equipment link="ARCANE_LEVEL_2" />
		</entry>
		<entry weight="5" name="3rd Level">
			<equipment link="ARCANE_LEVEL_3" />
		</entry>
	</table>
	<table id="MED_ARCANE_SCROLL_LEVEL" name="Medium Arcane Scroll Spell Levels">
		<entry weight="5" name="2nd Level">
			<equipment link="ARCANE_LEVEL_2" />
		</entry>
		<entry weight="60" name="3rd Level">
			<equipment link="ARCANE_LEVEL_3" />
		</entry>
		<entry weight="30" name="4th Level">
			<equipment link="ARCANE_LEVEL_4" />
		</entry>
		<entry weight="5" name="5th Level">
			<equipment link="ARCANE_LEVEL_5" />
		</entry>
	</table>
	<table id="MAJ_ARCANE_SCROLL_LEVEL" name="Major Arcane Scroll Spell Levels">
		<entry weight="5" name="4th Level">
			<equipment link="ARCANE_LEVEL_4" />
		</entry>
		<entry weight="45" name="5th Level">
			<equipment link="ARCANE_LEVEL_5" />
		</entry>
		<entry weight="20" name="6th Level">
			<equipment link="ARCANE_LEVEL_6" />
		</entry>
		<entry weight="15" name="7th Level">
			<equipment link="ARCANE_LEVEL_7" />
		</entry>
		<entry weight="10" name="8th Level">
			<equipment link="ARCANE_LEVEL_8" />
		</entry>
		<entry weight="5" name="9th Level">
			<equipment link="ARCANE_LEVEL_9" />
		</entry>
	</table>
	<table id="MIN_DIVINE_SCROLL_LEVEL" name="Minor Divine Scroll Spell Levels">
		<entry weight="5" name="0 Level">
			<equipment link="DIVINE_LEVEL_0" />
		</entry>
		<entry weight="55" name="1st Level">
			<equipment link="DIVINE_LEVEL_1" />
		</entry>
		<entry weight="45" name="2nd Level">
			<equipment link="DIVINE_LEVEL_2" />
		</entry>
		<entry weight="5" name="3rd Level">
			<equipment link="DIVINE_LEVEL_3" />
		</entry>
	</table>
	<table id="MED_DIVINE_SCROLL_LEVEL" name="Medium Divine Scroll Spell Levels">
		<entry weight="5" name="2nd Level">
			<equipment link="DIVINE_LEVEL_2" />
		</entry>
		<entry weight="60" name="3rd Level">
			<equipment link="DIVINE_LEVEL_3" />
		</entry>
		<entry weight="30" name="4th Level">
			<equipment link="DIVINE_LEVEL_4" />
		</entry>
		<entry weight="5" name="5th Level">
			<equipment link="DIVINE_LEVEL_5" />
		</entry>
	</table>
	<table id="MAJ_DIVINE_SCROLL_LEVEL" name="Major Divine Scroll Spell Levels">
		<entry weight="5" name="4th Level">
			<equipment link="DIVINE_LEVEL_4" />
		</entry>
		<entry weight="45" name="5th Level">
			<equipment link="DIVINE_LEVEL_5" />
		</entry>
		<entry weight="20" name="6th Level">
			<equipment link="DIVINE_LEVEL_6" />
		</entry>
		<entry weight="15" name="7th Level">
			<equipment link="DIVINE_LEVEL_7" />
		</entry>
		<entry weight="10" name="8th Level">
			<equipment link="DIVINE_LEVEL_8" />
		</entry>
		<entry weight="5" name="9th Level">
			<equipment link="DIVINE_LEVEL_9" />
		</entry>
	</table>
	<table id="ARCANE_LEVEL_0" name="0 Level Arcane Spells">
		<entry weight="4" name="Acid Splash">
			<equipment value="Scroll (Acid Splash)" />
		</entry>
		<entry weight="4" name="Arcane Mark">
			<equipment value="Scroll (Arcane Mark)" />
		</entry>
		<entry weight="4" name="Dancing Lights">
			<equipment value="Scroll (Dancing Lights)" />
		</entry>
		<entry weight="4" name="Daze">
			<equipment value="Scroll (Daze)" />
		</entry>
		<entry weight="7" name="Detect Magic">
			<equipment value="Scroll (Detect Magic/Arcane)" />
		</entry>
		<entry weight="4" name="Detect Poison">
			<equipment value="Scroll (Detect Poison/Arcane)" />
		</entry>
		<entry weight="4" name="Disrupt Undead">
			<equipment value="Scroll (Disrupt Undead)" />
		</entry>
		<entry weight="5" name="Flare">
			<equipment value="Scroll (Flare/Arcane)" />
		</entry>
		<entry weight="5" name="Ghost Sound">
			<equipment value="Scroll (Ghost Sound)" />
		</entry>
		<entry weight="2" name="Know Direction">
			<equipment value="Scroll (Know Direction/Arcane)" />
		</entry>
		<entry weight="6" name="Light">
			<equipment value="Scroll (Light/Arcane)" />
		</entry>
		<entry weight="2" name="Lullaby">
			<equipment value="Scroll (Lullaby)" />
		</entry>
		<entry weight="5" name="Mage Hand">
			<equipment value="Scroll (Mage Hand)" />
		</entry>
		<entry weight="5" name="Mending">
			<equipment value="Scroll (Mending/Arcane)" />
		</entry>
		<entry weight="5" name="Message">
			<equipment value="Scroll (Message)" />
		</entry>
		<entry weight="5" name="Open/Close">
			<equipment value="Scroll (Open/Close)" />
		</entry>
		<entry weight="5" name="Prestidigitation">
			<equipment value="Scroll (Prestidigitation)" />
		</entry>
		<entry weight="4" name="Ray of Frost">
			<equipment value="Scroll (Ray of Frost)" />
		</entry>
		<entry weight="6" name="Read Magic">
			<equipment value="Scroll (Read Magic/Arcane)" />
		</entry>
		<entry weight="7" name="Resistance">
			<equipment value="Scroll (Resistance/Arcane)" />
		</entry>
		<entry weight="2" name="Summon Instrument">
			<equipment value="Scroll (Summon Instrument)" />
		</entry>
		<entry weight="4" name="Touch of Fatigue">
			<equipment value="Scroll (Touch of Fatigue)" />
		</entry>
	</table>
	<table id="ARCANE_LEVEL_1" name="1st Level Arcane Spells">
		<entry weight="3" name="Alarm">
			<equipment value="Scroll (Alarm/Arcane)" />
		</entry>
		<entry weight="2" name="Animate Rope">
			<equipment value="Scroll (Animate Rope)" />
		</entry>
		<entry weight="2" name="Burning Hands">
			<equipment value="Scroll (Burning hands)" />
		</entry>
		<entry weight="2" name="Cause Fear">
			<equipment value="Scroll (Cause Fear/Arcane)" />
		</entry>
		<entry weight="3" name="Charm Person">
			<equipment value="Scroll (Charm Person)" />
		</entry>
		<entry weight="2" name="Chill Touch">
			<equipment value="Scroll (Chill Touch)" />
		</entry>
		<entry weight="2" name="Color Spray">
			<equipment value="Scroll (Color Spray)" />
		</entry>
		<entry weight="3" name="Comprehend Languages">
			<equipment value="Scroll (Comprehend Languages/Arcane)" />
		</entry>
		<entry weight="1" name="Confusion, lesser">
			<equipment value="Scroll (Confusion/Lesser)" />
		</entry>
		<entry weight="1" name="Cure Light Wounds">
			<equipment value="Scroll (Cure Light Wounds/Arcane)" />
		</entry>
		<entry weight="3" name="Detect Secret Doors">
			<equipment value="Scroll (Detect Secret Doors)" />
		</entry>
		<entry weight="2" name="Detect Undead">
			<equipment value="Scroll (Detect Undead/Arcane)" />
		</entry>
		<entry weight="3" name="Disguise Self">
			<equipment value="Scroll (Disguise Self/Lvl 1)" />
		</entry>
		<entry weight="3" name="Endure Elements">
			<equipment value="Scroll (Endure Elements/Arcane)" />
		</entry>
		<entry weight="3" name="Enlarge Person">
			<equipment value="Scroll (Enlarge Person)" />
		</entry>
		<entry weight="2" name="Erase">
			<equipment value="Scroll (Erase)" />
		</entry>
		<entry weight="3" name="Expeditious Retreat">
			<equipment value="Scroll (Expeditious Retreat)" />
		</entry>
		<entry weight="1" name="Feather Fall">
			<equipment value="Scroll (Feather Fall)" />
		</entry>
		<entry weight="2" name="Grease">
			<equipment value="Scroll (Grease)" />
		</entry>
		<entry weight="2" name="Hold Portal">
			<equipment value="Scroll (Hold Portal)" />
		</entry>
		<entry weight="2" name="Hypnotism">
			<equipment value="Scroll (Hypnotism)" />
		</entry>
		<entry weight="2" name="Identify">
			<equipment value="Scroll (Identify)" />
		</entry>
		<entry weight="2" name="Jump">
			<equipment value="Scroll (Jump/Arcane)" />
		</entry>
		<entry weight="3" name="Mage Armor">
			<equipment value="Scroll (Mage Armor)" />
		</entry>
		<entry weight="2" name="Magic Missile">
			<equipment value="Scroll (Magic Missile)" />
		</entry>
		<entry weight="3" name="Magic Weapon">
			<equipment value="Scroll (Magic Weapon/Arcane)" />
		</entry>
		<entry weight="3" name="Mount">
			<equipment value="Scroll (Mount)" />
		</entry>
		<entry weight="2" name="Magic Aura">
			<equipment value="Scroll (Magic Aura)" />
		</entry>
		<entry weight="2" name="Obscuring Mist">
			<equipment value="Scroll (Obscuring Mist/Arcane)" />
		</entry>
		<entry weight="8" name="Protection from chaos/evil/good/law">
			<equipment choose="Chaos|Evil|Good|Law" value="(Protection from %CHOICE/Arcane)" />
		</entry>
		<entry weight="2" name="Ray of Enfeeblement">
			<equipment value="Scroll (Ray of Enfeeblement)" />
		</entry>
		<entry weight="2" name="Reduce Person">
			<equipment value="Scroll (Reduce Person)" />
		</entry>
		<entry weight="2" name="Remove Fear">
			<equipment value="Scroll (Remove Fear/Arcane)" />
		</entry>
		<entry weight="2" name="Shield">
			<equipment value="Scroll (Shield)" />
		</entry>
		<entry weight="2" name="Shocking Grasp">
			<equipment value="Scroll (Shocking Grasp)" />
		</entry>
		<entry weight="2" name="Silent Image">
			<equipment value="Scroll (Silent Image)" />
		</entry>
		<entry weight="2" name="Sleep">
			<equipment value="Scroll (Sleep)" />
		</entry>
		<entry weight="2" name="Summon Monster I">
			<equipment value="Scroll (Summon Monster I/Arcane)" />
		</entry>
		<entry weight="3" name="Floating Disk">
			<equipment value="Scroll (Floating Disk)" />
		</entry>
		<entry weight="2" name="True Strike">
			<equipment value="Scroll (True Strike)" />
		</entry>
		<entry weight="1" name="Undetectable Alignment">
			<equipment value="Scroll (Undetectable Alignment/Arcane)" />
		</entry>
		<entry weight="2" name="Unseen Servant">
			<equipment value="Scroll (Unseen Servant)" />
		</entry>
		<entry weight="2" name="Ventriloquism">
			<equipment value="Scroll (Ventriloquism)" />
		</entry>
	</table>
	<table id="ARCANE_LEVEL_2" name="2nd Level Arcane Spells">
		<entry weight="1" name="Animal Messenger">
			<equipment value="Scroll (Animal Messenger/Arcane)" />
		</entry>
		<entry weight="1" name="Animal Trance">
			<equipment value="Scroll (Animal Trance/Arcane)" />
		</entry>
		<entry weight="1" name="Arcane Lock">
			<equipment value="Scroll (Arcane Lock)" />
		</entry>
		<entry weight="3" name="Bear's Endurance">
			<equipment value="Scroll (Bear's Endurance/Arcane)" />
		</entry>
		<entry weight="2" name="Blindness/Deafness">
			<equipment value="Scroll (Blindness/Deafness/Arcane)" />
		</entry>
		<entry weight="2" name="Blur">
			<equipment value="Scroll (Blur)" />
		</entry>
		<entry weight="3" name="Bull's Strength">
			<equipment value="Scroll (Bull's Strength/Arcane)" />
		</entry>
		<entry weight="1" name="Calm Emotions">
			<equipment value="Scroll (Calm Emotions/Arcane)" />
		</entry>
		<entry weight="3" name="Cat's Grace">
			<equipment value="Scroll (Cat's Grace/Arcane)" />
		</entry>
		<entry weight="2" name="Command Undead">
			<equipment value="Scroll (Command Undead)" />
		</entry>
		<entry weight="1" name="Continual Flame">
			<equipment value="Scroll (Continual Flame/Arcane)" />
		</entry>
		<entry weight="1" name="Cure Moderate Wounds">
			<equipment value="Scroll (Cure Moderate Wounds/Arcane)" />
		</entry>
		<entry weight="1" name="Darkness">
			<equipment value="Scroll (Darkness/Arcane)" />
		</entry>
		<entry weight="3" name="Darkvision">
			<equipment value="Scroll (Darkvision/Arcane)" />
		</entry>
		<entry weight="1" name="Daze Monster">
			<equipment value="Scroll (Daze Monster)" />
		</entry>
		<entry weight="1" name="Delay Poison">
			<equipment value="Scroll (Delay Poison/Arcane)" />
		</entry>
		<entry weight="2" name="Detect Thoughts">
			<equipment value="Scroll (Detect Thoughts)" />
		</entry>
		<entry weight="2" name="Disguise Self">
			<equipment value="Scroll (Disguise Self/Lvl 2)" />
		</entry>
		<entry weight="3" name="Eagle's Splendor">
			<equipment value="Scroll (Eagle's Splendor/Arcane)" />
		</entry>
		<entry weight="1" name="Enthrall">
			<equipment value="Scroll (Enthrall/Arcane)" />
		</entry>
		<entry weight="2" name="False Life">
			<equipment value="Scroll (False Life)" />
		</entry>
		<entry weight="2" name="Flaming Sphere">
			<equipment value="Scroll (Flaming Sphere/Arcane)" />
		</entry>
		<entry weight="1" name="Fog Cloud">
			<equipment value="Scroll (Fog Cloud/Arcane)" />
		</entry>
		<entry weight="3" name="Fox's Cunning">
			<equipment value="Scroll (Fox's Cunning)" />
		</entry>
		<entry weight="1" name="Ghoul Touch">
			<equipment value="Scroll (Ghoul Touch)" />
		</entry>
		<entry weight="2" name="Glitterdust">
			<equipment value="Scroll (Glitterdust)" />
		</entry>
		<entry weight="1" name="Gust of Wind">
			<equipment value="Scroll (Gust of Wind/Arcane)" />
		</entry>
		<entry weight="2" name="Hypnotic Pattern">
			<equipment value="Scroll (Hypnotic Pattern)" />
		</entry>
		<entry weight="3" name="Invisibility">
			<equipment value="Scroll (Invisibility)" />
		</entry>
		<entry weight="3" name="Knock">
			<equipment value="Scroll (Knock)" />
		</entry>
		<entry weight="1" name="Phantom Trap">
			<equipment value="Scroll (Phantom Trap)" />
		</entry>
		<entry weight="2" name="Levitate">
			<equipment value="Scroll (Levitate)" />
		</entry>
		<entry weight="1" name="Locate Object">
			<equipment value="Scroll (Locate Object/Arcane)" />
		</entry>
		<entry weight="1" name="Magic Mouth">
			<equipment value="Scroll (Magic Mouth)" />
		</entry>
		<entry weight="2" name="Acid Arrow">
			<equipment value="Scroll (Acid Arrow)" />
		</entry>
		<entry weight="1" name="Minor Image">
			<equipment value="Scroll (Minor Image)" />
		</entry>
		<entry weight="2" name="Mirror Image">
			<equipment value="Scroll (Mirror Image)" />
		</entry>
		<entry weight="1" name="Misdirection">
			<equipment value="Scroll (Misdirection)" />
		</entry>
		<entry weight="1" name="Obscure Object">
			<equipment value="Scroll (Obscure Object/Arcane)" />
		</entry>
		<entry weight="3" name="Owl's Wisdom">
			<equipment value="Scroll (Owl's Wisdom/Arcane)" />
		</entry>
		<entry weight="3" name="Protection from Arrows">
			<equipment value="Scroll (Protection from Arrows)" />
		</entry>
		<entry weight="2" name="Pyrotechnics">
			<equipment value="Scroll (Pyrotechnics)" />
		</entry>
		<entry weight="3" name="Resist Energy">
			<equipment value="Scroll (Resist Energy/Arcane)" />
		</entry>
		<entry weight="1" name="Rope Trick">
			<equipment value="Scroll (Rope Trick)" />
		</entry>
		<entry weight="1" name="Scare">
			<equipment value="Scroll (Scare)" />
		</entry>
		<entry weight="2" name="Scorching Ray">
			<equipment value="Scroll (Scorching Ray)" />
		</entry>
		<entry weight="3" name="See Invisibility">
			<equipment value="Scroll (See Invisibility)" />
		</entry>
		<entry weight="1" name="Shatter">
			<equipment value="Scroll (Shatter/Arcane)" />
		</entry>
		<entry weight="1" name="Silence">
			<equipment value="Scroll (Silence/Arcane)" />
		</entry>
		<entry weight="1" name="Sound Burst">
			<equipment value="Scroll (Sound Burst/Arcane)" />
		</entry>
		<entry weight="1" name="Spectral Hand">
			<equipment value="Scroll (Spectral Hand)" />
		</entry>
		<entry weight="2" name="Spider Climb">
			<equipment value="Scroll (Spider Climb/Arcane)" />
		</entry>
		<entry weight="2" name="Summon Monster II">
			<equipment value="Scroll (Summon Monster II/Arcane)" />
		</entry>
		<entry weight="2" name="Summon Swarm">
			<equipment value="Scroll (Summon Swarm/Arcane)" />
		</entry>
		<entry weight="1" name="Hideous Laughter">
			<equipment value="Scroll (Hideous Laughter)" />
		</entry>
		<entry weight="1" name="Touch of Idiocy">
			<equipment value="Scroll (Touch of Idiocy)" />
		</entry>
		<entry weight="2" name="Web">
			<equipment value="Scroll (Web)" />
		</entry>
		<entry weight="1" name="Whispering Wind">
			<equipment value="Scroll (Whispering Wind)" />
		</entry>
	</table>
	<table id="ARCANE_LEVEL_3" name="3rd Level Arcane Spells">
		<entry weight="2" name="Arcane Sight">
			<equipment value="Scroll (Arcane Sight)" />
		</entry>
		<entry weight="2" name="Blink">
			<equipment value="Scroll (Blink)" />
		</entry>
		<entry weight="2" name="Clairaudience/Clairvoyance">
			<equipment value="Scroll (Clairaudience/Clairvoyance)" />
		</entry>
		<entry weight="1" name="Cure Serious Wounds">
			<equipment value="Scroll (Cure Serious Wounds/Arcane)" />
		</entry>
		<entry weight="3" name="Daylight">
			<equipment value="Scroll (Daylight/Arcane)" />
		</entry>
		<entry weight="2" name="Deep Slumber">
			<equipment value="Scroll (Deep Slumber)" />
		</entry>
		<entry weight="3" name="Dispel Magic">
			<equipment value="Scroll (Dispel Magic/Arcane)" />
		</entry>
		<entry weight="2" name="Displacement">
			<equipment value="Scroll (Displacement)" />
		</entry>
		<entry weight="1" name="Explosive Runes">
			<equipment value="Scroll (Explosive Runes)" />
		</entry>
		<entry weight="2" name="Fireball">
			<equipment value="Scroll (Fireball)" />
		</entry>
		<entry weight="2" name="Flame Arrow">
			<equipment value="Scroll (Flame Arrow)" />
		</entry>
		<entry weight="3" name="Fly">
			<equipment value="Scroll (Fly)" />
		</entry>
		<entry weight="2" name="Gaseous Form">
			<equipment value="Scroll (Gaseous Form)" />
		</entry>
		<entry weight="2" name="Gentle Repose">
			<equipment value="Scroll (Gentle Repose/Arcane)" />
		</entry>
		<entry weight="1" name="Glibness">
			<equipment value="Scroll (Glibness)" />
		</entry>
		<entry weight="1" name="Good Hope">
			<equipment value="Scroll (Good Hope)" />
		</entry>
		<entry weight="2" name="Halt Undead">
			<equipment value="Scroll (Halt Undead)" />
		</entry>
		<entry weight="2" name="Haste">
			<equipment value="Scroll (Haste)" />
		</entry>
		<entry weight="2" name="Heroism">
			<equipment value="Scroll (Heroism)" />
		</entry>
		<entry weight="2" name="Hold Person">
			<equipment value="Scroll (Hold Person/Arcane)" />
		</entry>
		<entry weight="1" name="Illusory Script">
			<equipment value="Scroll (Illusory Script)" />
		</entry>
		<entry weight="3" name="Invisibility Sphere">
			<equipment value="Scroll (Invisibility Sphere)" />
		</entry>
		<entry weight="3" name="Keen Edge">
			<equipment value="Scroll (Keen Edge)" />
		</entry>
		<entry weight="2" name="Tiny Hut">
			<equipment value="Scroll (Tiny Hut)" />
		</entry>
		<entry weight="2" name="Lightning Bolt">
			<equipment value="Scroll (Lightning Bolt)" />
		</entry>
		<entry weight="8" name="Magic Circle against chaos/evil/good/law">
			<equipment choose="Chaos|Evil|Good|Law" value="Scroll (Magic Circle against %CHOICE/Arcane)" />
		</entry>
		<entry weight="3" name="Magic Weapon, Greater">
			<equipment value="Scroll (Magic Weapon/Greater/Arcane)" />
		</entry>
		<entry weight="2" name="Major Image">
			<equipment value="Scroll (Major Image)" />
		</entry>
		<entry weight="2" name="Nondetection">
			<equipment value="Scroll (Nondetection/Arcane)" />
		</entry>
		<entry weight="2" name="Phantom Steed">
			<equipment value="Scroll (Phantom Steed)" />
		</entry>
		<entry weight="3" name="Protection from Energy">
			<equipment value="Scroll (Protection from Energy)" />
		</entry>
		<entry weight="2" name="Rage">
			<equipment value="Scroll (Rage)" />
		</entry>
		<entry weight="2" name="Ray of Exhaustion">
			<equipment value="Scroll (Ray of Exhaustion)" />
		</entry>
		<entry weight="1" name="Sculpt Sound">
			<equipment value="Scroll (Sculpt Sound)" />
		</entry>
		<entry weight="1" name="Secret Page">
			<equipment value="Scroll (Secret Page)" />
		</entry>
		<entry weight="1" name="Sepia Snake Sigil">
			<equipment value="Scroll (Sepia Snake Sigil)" />
		</entry>
		<entry weight="1" name="Shrink Item">
			<equipment value="Scroll (Shrink Item)" />
		</entry>
		<entry weight="2" name="Sleet Storm">
			<equipment value="Scroll (Sleet Storm/Arcane)" />
		</entry>
		<entry weight="2" name="Slow">
			<equipment value="Scroll (Slow)" />
		</entry>
		<entry weight="1" name="Speak with Animals">
			<equipment value="Scroll (Speak with Animals/Arcane)" />
		</entry>
		<entry weight="2" name="Stinking Cloud">
			<equipment value="Scroll (Stinking Cloud)" />
		</entry>
		<entry weight="2" name="Suggestion">
			<equipment value="Scroll (Suggestion)" />
		</entry>
		<entry weight="2" name="Summon Monster III">
			<equipment value="Scroll (Summon Monster III/Arcane)" />
		</entry>
		<entry weight="3" name="Tongues">
			<equipment value="Scroll (Tongues)" />
		</entry>
		<entry weight="2" name="Vampiric Touch">
			<equipment value="Scroll (Vampiric Touch)" />
		</entry>
		<entry weight="3" name="Water Breathing">
			<equipment value="Scroll (Water Breathing/Arcane)" />
		</entry>
		<entry weight="2" name="Wind Wall">
			<equipment value="Scroll (Wind Wall/Arcane)" />
		</entry>
	</table>
	<table id="ARCANE_LEVEL_4" name="4th Level Arcane Spells">
		<entry weight="2" name="Animate Dead">
			<equipment value="Scroll (Animate Dead/Arcane)" />
		</entry>
		<entry weight="3" name="Arcane Eye">
			<equipment value="Scroll (Arcane Eye)" />
		</entry>
		<entry weight="2" name="Bestow Curse">
			<equipment value="Scroll (Bestow Curse/Arcane)" />
		</entry>
		<entry weight="3" name="Charm Monster">
			<equipment value="Scroll (Charm Monster)" />
		</entry>
		<entry weight="3" name="Confusion">
			<equipment value="Scroll (Confusion)" />
		</entry>
		<entry weight="2" name="Contagion">
			<equipment value="Scroll (Contagion/Arcane)" />
		</entry>
		<entry weight="2" name="Crushing Despair">
			<equipment value="Scroll (Crushing Despair)" />
		</entry>
		<entry weight="1" name="Cure Critical Wounds">
			<equipment value="Scroll (Cure Critical Wounds/Arcane)" />
		</entry>
		<entry weight="1" name="Detect Scrying">
			<equipment value="Scroll (Detect Scrying)" />
		</entry>
		<entry weight="4" name="Dimension Door">
			<equipment value="Scroll (Dimension Door)" />
		</entry>
		<entry weight="3" name="Dimensional Anchor">
			<equipment value="Scroll (Dimensional Anchor/Arcane)" />
		</entry>
		<entry weight="2" name="Enervation">
			<equipment value="Scroll (Enervation)" />
		</entry>
		<entry weight="2" name="Enlarge Person, mass">
			<equipment value="Scroll (Enlarge Person/Mass)" />
		</entry>
		<entry weight="2" name="Black Tentacles">
			<equipment value="Scroll (Black Tentacles)" />
		</entry>
		<entry weight="2" name="Fear">
			<equipment value="Scroll (Fear)" />
		</entry>
		<entry weight="3" name="Fire Shield">
			<equipment value="Scroll (Fire Shield)" />
		</entry>
		<entry weight="2" name="Fire Trap">
			<equipment value="Scroll (Fire Trap/Arcane)" />
		</entry>
		<entry weight="3" name="Freedom of Movement">
			<equipment value="Scroll (Freedom of Movement/Arcane)" />
		</entry>
		<entry weight="1" name="Geas, lesser">
			<equipment value="Scroll (Geas/Lesser)" />
		</entry>
		<entry weight="3" name="Globe of Invulnerability, lesser">
			<equipment value="Scroll (Globe of Invulnerability/Lesser)" />
		</entry>
		<entry weight="2" name="Hallucinatory Terrain">
			<equipment value="Scroll (Hallucinatory Terrain)" />
		</entry>
		<entry weight="2" name="Ice Storm">
			<equipment value="Scroll (Ice Storm/Arcane)" />
		</entry>
		<entry weight="2" name="Illusory Wall">
			<equipment value="Scroll (Illusory Wall)" />
		</entry>
		<entry weight="3" name="Invisibility, greater">
			<equipment value="Scroll (Invisibility/Greater)" />
		</entry>
		<entry weight="2" name="Secure Shelter">
			<equipment value="Scroll (Secure Shelter)" />
		</entry>
		<entry weight="1" name="Locate Creature">
			<equipment value="Scroll (Locate Creature)" />
		</entry>
		<entry weight="2" name="Minor Creation">
			<equipment value="Scroll (Minor Creation)" />
		</entry>
		<entry weight="1" name="Modify Memory">
			<equipment value="Scroll (Modify Memory)" />
		</entry>
		<entry weight="1" name="Neutralize Poison">
			<equipment value="Scroll (Neutralize Poison/Arcane)" />
		</entry>
		<entry weight="2" name="Resilient Sphere">
			<equipment value="Scroll (Resilient Sphere)" />
		</entry>
		<entry weight="2" name="Phantasmal Killer">
			<equipment value="Scroll (Phantasmal Killer)" />
		</entry>
		<entry weight="2" name="Polymorph">
			<equipment value="Scroll (Polymorph)" />
		</entry>
		<entry weight="2" name="Rainbow Pattern">
			<equipment value="Scroll (Rainbow Pattern)" />
		</entry>
		<entry weight="1" name="Mnemonic Enhancer">
			<equipment value="Scroll (Mnemonic Enhancer)" />
		</entry>
		<entry weight="2" name="Reduce Person, mass">
			<equipment value="Scroll (Reduce Person/Mass)" />
		</entry>
		<entry weight="3" name="Remove Curse">
			<equipment value="Scroll (Remove Curse/Arcane)" />
		</entry>
		<entry weight="1" name="Repel Vermin">
			<equipment value="Scroll (Repel Vermin/Arcane)" />
		</entry>
		<entry weight="2" name="Scrying">
			<equipment value="Scroll (Scrying/Arcane)" />
		</entry>
		<entry weight="2" name="Shadow Conjuration">
			<equipment value="Scroll (Shadow Conjuration)" />
		</entry>
		<entry weight="2" name="Shout">
			<equipment value="Scroll (Shout)" />
		</entry>
		<entry weight="2" name="Solid Fog">
			<equipment value="Scroll (Solid Fog)" />
		</entry>
		<entry weight="1" name="Speak with Plants">
			<equipment value="Scroll (Speak with Plants/Arcane)" />
		</entry>
		<entry weight="2" name="Stone Shape">
			<equipment value="Scroll (Stone Shape)" />
		</entry>
		<entry weight="3" name="Stoneskin">
			<equipment value="Scroll (Stoneskin/Arcane)" />
		</entry>
		<entry weight="2" name="Summon Monster IV">
			<equipment value="Scroll (Summon Monster IV/Arcane)" />
		</entry>
		<entry weight="3" name="Wall of Fire">
			<equipment value="Scroll (Wall of Fire/Arcane)" />
		</entry>
		<entry weight="3" name="Wall of Ice">
			<equipment value="Scroll (Wall of Ice)" />
		</entry>
		<entry weight="1" name="Zone of Silence">
			<equipment value="Scroll (Zone of Silence)" />
		</entry>
	</table>
	<table id="ARCANE_LEVEL_5" name="5th Level Arcane Spells">
		<entry weight="2" name="Animal Growth">
			<equipment value="Scroll (Animal Growth/Arcane)" />
		</entry>
		<entry weight="3" name="Baleful Polymorph">
			<equipment value="Scroll (Baleful Polymorph/Arcane)" />
		</entry>
		<entry weight="2" name="Interposing Hand">
			<equipment value="Scroll (Interposing Hand)" />
		</entry>
		<entry weight="2" name="Blight">
			<equipment value="Scroll (Blight/Arcane)" />
		</entry>
		<entry weight="3" name="Break Enchantment">
			<equipment value="Scroll (Break Enchantment/Arcane)" />
		</entry>
		<entry weight="2" name="Cloudkill">
			<equipment value="Scroll (Cloudkill)" />
		</entry>
		<entry weight="3" name="Cone of Cold">
			<equipment value="Scroll (Cone of Cold)" />
		</entry>
		<entry weight="2" name="Contact Other Plane">
			<equipment value="Scroll (Contact Other Plane)" />
		</entry>
		<entry weight="1" name="Cure Light Wounds, mass">
			<equipment value="Scroll (Cure Light Wounds/Mass/Arcane)" />
		</entry>
		<entry weight="3" name="Dismissal">
			<equipment value="Scroll (Dismissal/Arcane)" />
		</entry>
		<entry weight="3" name="Dispel Magic, greater">
			<equipment value="Scroll (Dispel Magic/Greater/Arcane/Lvl 5)" />
		</entry>
		<entry weight="2" name="Dominate Person">
			<equipment value="Scroll (Dominate Person)" />
		</entry>
		<entry weight="1" name="Dream">
			<equipment value="Scroll (Dream)" />
		</entry>
		<entry weight="2" name="Fabricate">
			<equipment value="Scroll (Fabricate)" />
		</entry>
		<entry weight="2" name="False Vision">
			<equipment value="Scroll (False Vision)" />
		</entry>
		<entry weight="2" name="Feeblemind">
			<equipment value="Scroll (Feeblemind)" />
		</entry>
		<entry weight="4" name="Hold Monster">
			<equipment value="Scroll (Hold Monster)" />
		</entry>
		<entry weight="1" name="Secret Chest">
			<equipment value="Scroll (Secret Chest)" />
		</entry>
		<entry weight="1" name="Magic Jar">
			<equipment value="Scroll (Magic Jar)" />
		</entry>
		<entry weight="2" name="Major Creation">
			<equipment value="Scroll (Major Creation)" />
		</entry>
		<entry weight="2" name="Mind Fog">
			<equipment value="Scroll (Mind Fog)" />
		</entry>
		<entry weight="2" name="Mirage Arcana">
			<equipment value="Scroll (Mirage Arcana)" />
		</entry>
		<entry weight="2" name="Mage's Faithful Hound">
			<equipment value="Scroll (Mage's Faithful Hound)" />
		</entry>
		<entry weight="2" name="Mage's Private Sanctum">
			<equipment value="Scroll (Mage's Private Sanctum)" />
		</entry>
		<entry weight="2" name="Nightmare">
			<equipment value="Scroll (Nightmare)" />
		</entry>
		<entry weight="4" name="Overland Flight">
			<equipment value="Scroll (Overland Flight)" />
		</entry>
		<entry weight="3" name="Passwall">
			<equipment value="Scroll (Passwall)" />
		</entry>
		<entry weight="1" name="Permanency">
			<equipment value="Scroll (Permanency)" />
		</entry>
		<entry weight="2" name="Persistent Image">
			<equipment value="Scroll (Persistent Image)" />
		</entry>
		<entry weight="2" name="Planar Binding, lesser">
			<equipment value="Scroll (Planar Binding/Lesser)" />
		</entry>
		<entry weight="2" name="Prying Eyes">
			<equipment value="Scroll (Prying Eyes)" />
		</entry>
		<entry weight="2" name="Telepathic Bond">
			<equipment value="Scroll (Telepathic Bond)" />
		</entry>
		<entry weight="2" name="Seeming">
			<equipment value="Scroll (Seeming)" />
		</entry>
		<entry weight="3" name="Sending">
			<equipment value="Scroll (Sending/Arcane)" />
		</entry>
		<entry weight="2" name="Shadow Evocation">
			<equipment value="Scroll (Shadow Evocation)" />
		</entry>
		<entry weight="1" name="Song of Discord">
			<equipment value="Scroll (Song of Discord)" />
		</entry>
		<entry weight="2" name="Summon Monster V">
			<equipment value="Scroll (Summon Monster V/Arcane)" />
		</entry>
		<entry weight="1" name="Symbol of Pain">
			<equipment value="Scroll (Symbol of Pain/Arcane)" />
		</entry>
		<entry weight="1" name="Symbol of Sleep">
			<equipment value="Scroll (Symbol of Sleep/Arcane)" />
		</entry>
		<entry weight="2" name="Telekinesis">
			<equipment value="Scroll (Telekinesis)" />
		</entry>
		<entry weight="5" name="Teleport">
			<equipment value="Scroll (Teleport)" />
		</entry>
		<entry weight="2" name="Transmute Mud to Rock">
			<equipment value="Scroll (Transmute Mud to Rock/Arcane)" />
		</entry>
		<entry weight="2" name="Transmute Rock to Mud">
			<equipment value="Scroll (Transmute Rock to Mud/Arcane)" />
		</entry>
		<entry weight="3" name="Wall of Force">
			<equipment value="Scroll (Wall of Force)" />
		</entry>
		<entry weight="3" name="Wall of Stone">
			<equipment value="Scroll (Wall of Stone)" />
		</entry>
		<entry weight="2" name="Waves of Fatigue">
			<equipment value="Scroll (Waves of Fatigue)" />
		</entry>
	</table>
	<table id="ARCANE_LEVEL_6" name="6th Level Arcane Spells">
		<entry weight="2" name="Acid Fog">
			<equipment value="Scroll (Acid Fog)" />
		</entry>
		<entry weight="3" name="Analyze Dweomer">
			<equipment value="Scroll (Analayze Dweomer)" />
		</entry>
		<entry weight="1" name="Animate Objects">
			<equipment value="Scroll (Animate Objects/Arcane)" />
		</entry>
		<entry weight="3" name="Antimagic Field">
			<equipment value="Scroll (Antimagic Field/Arcane)" />
		</entry>
		<entry weight="3" name="Bear's Endurance, mass">
			<equipment value="Scroll (Bear's Endurance/Mass/Arcane)" />
		</entry>
		<entry weight="2" name="Forceful Hand">
			<equipment value="Scroll (Forceful Hand)" />
		</entry>
		<entry weight="3" name="Bull's Strength, mass">
			<equipment value="Scroll (Bull's Strength/Mass/Arcane)" />
		</entry>
		<entry weight="3" name="Cat's Grace, mass">
			<equipment value="Scroll (Cat's Grace/Mass/Arcane)" />
		</entry>
		<entry weight="3" name="Chain Lightning">
			<equipment value="Scroll (Chain Lightning)" />
		</entry>
		<entry weight="2" name="Circle of Death">
			<equipment value="Scroll (Circle of Death)" />
		</entry>
		<entry weight="1" name="Contingency">
			<equipment value="Scroll (Contingency)" />
		</entry>
		<entry weight="2" name="Control Water">
			<equipment value="Scroll (Control Water/Arcane)" />
		</entry>
		<entry weight="1" name="Create Undead">
			<equipment value="Scroll (Create Undead/Arcane)" />
		</entry>
		<entry weight="1" name="Cure Moderate Wounds, mass">
			<equipment value="Scroll (Cure Moderate Wounds/Mass/Arcane)" />
		</entry>
		<entry weight="3" name="Disintegrate">
			<equipment value="Scroll (Disintegrate)" />
		</entry>
		<entry weight="4" name="Dispel Magic, greater">
			<equipment value="Scroll (Dispel Magic/Greater/Arcane/Lvl 6)" />
		</entry>
		<entry weight="3" name="Eagle's Splendor, mass">
			<equipment value="Scroll (Eagle's Splendor/Mass/Arcane)" />
		</entry>
		<entry weight="2" name="Eyebite">
			<equipment value="Scroll (Sleet Storm/Arcane)" />
		</entry>
		<entry weight="1" name="Find the Path">
			<equipment value="Scroll (Find the Path/Arcane)" />
		</entry>
		<entry weight="2" name="Flesh to Stone">
			<equipment value="Scroll (Flesh to Stone)" />
		</entry>
		<entry weight="3" name="Fox's Cunning, mass">
			<equipment value="Scroll (Fox's Cunning/Mass)" />
		</entry>
		<entry weight="1" name="Geas/Quest">
			<equipment value="Scroll (Geas/Quest/Arcane)" />
		</entry>
		<entry weight="3" name="Globe of Invulnerability">
			<equipment value="Scroll (Globe of Invulnerability)" />
		</entry>
		<entry weight="1" name="Guards and Wards">
			<equipment value="Scroll (Guards and Wards)" />
		</entry>
		<entry weight="1" name="Heroes' Feast">
			<equipment value="Scroll (Heroes' Feast/Arcane)" />
		</entry>
		<entry weight="2" name="Heroism, greater">
			<equipment value="Scroll (Heroism/Greater)" />
		</entry>
		<entry weight="1" name="Legend Lore">
			<equipment value="Scroll (Legend Lore)" />
		</entry>
		<entry weight="2" name="Mislead">
			<equipment value="Scroll (Mislead)" />
		</entry>
		<entry weight="1" name="Mage's Lucubration">
			<equipment value="Scroll (Mage's Lucubration)" />
		</entry>
		<entry weight="2" name="Move Earth">
			<equipment value="Scroll (Move Earth/Arcane)" />
		</entry>
		<entry weight="2" name="Freezing Sphere">
			<equipment value="Scroll (Freezing Sphere)" />
		</entry>
		<entry weight="3" name="Owl's Wisdom, mass">
			<equipment value="Scroll (Owl's Wisdom/Mass/Arcane)" />
		</entry>
		<entry weight="2" name="Permanent Image">
			<equipment value="Scroll (Permanent Image)" />
		</entry>
		<entry weight="2" name="Planar Binding">
			<equipment value="Scroll (Planar Binding)" />
		</entry>
		<entry weight="2" name="Programmed Image">
			<equipment value="Scroll (Programmed Image)" />
		</entry>
		<entry weight="2" name="Repulsion">
			<equipment value="Scroll (Repulsion/Arcane)" />
		</entry>
		<entry weight="3" name="Shadow Walk">
			<equipment value="Scroll (Shadow Walk)" />
		</entry>
		<entry weight="3" name="Stone to Flesh">
			<equipment value="Scroll (Stone to Flesh)" />
		</entry>
		<entry weight="2" name="Suggestion, mass">
			<equipment value="Scroll (Suggestion/Mass)" />
		</entry>
		<entry weight="2" name="Summon Monster VI">
			<equipment value="Scroll (Summon Monster VI/Arcane)" />
		</entry>
		<entry weight="1" name="Symbol of Fear">
			<equipment value="Scroll (Symbol of Fear/Arcane)" />
		</entry>
		<entry weight="1" name="Symbol of Persuasion">
			<equipment value="Scroll (Symbol of Persuasion/Arcane)" />
		</entry>
		<entry weight="1" name="Sympathetic Vibration">
			<equipment value="Scroll (Sympathetic Vibration)" />
		</entry>
		<entry weight="2" name="Transformation">
			<equipment value="Scroll (Transformation)" />
		</entry>
		<entry weight="3" name="True Seeing">
			<equipment value="Scroll (True Seeing/Arcane)" />
		</entry>
		<entry weight="2" name="Undeath to Death">
			<equipment value="Scroll (Undeath to Death/Arcane)" />
		</entry>
		<entry weight="2" name="Veil">
			<equipment value="Scroll (Veil)" />
		</entry>
		<entry weight="3" name="Wall of Iron">
			<equipment value="Scroll (Wall of Iron)" />
		</entry>
	</table>
	<table id="ARCANE_LEVEL_7" name="7th Level Arcane Spells">
		<entry weight="3" name="Arcane Sight, greater">
			<equipment value="Scroll (Arcane Sight/Greater)" />
		</entry>
		<entry weight="4" name="Banishment">
			<equipment value="Scroll (Banishement/Arcane)" />
		</entry>
		<entry weight="3" name="Grasping Hand">
			<equipment value="Scroll (Grasping Hand)" />
		</entry>
		<entry weight="3" name="Control Undead">
			<equipment value="Scroll (Control Undead)" />
		</entry>
		<entry weight="3" name="Control Weather">
			<equipment value="Scroll (Control Weather/Arcane/Lvl 7)" />
		</entry>
		<entry weight="3" name="Delayed Blast Fireball">
			<equipment value="Scroll (Delayed Blast Fireball)" />
		</entry>
		<entry weight="2" name="Instant Summons">
			<equipment value="Scroll (Instant Summons)" />
		</entry>
		<entry weight="4" name="Ethereal Jaunt">
			<equipment value="Scroll (Ethereal Jaunt/Arcane)" />
		</entry>
		<entry weight="3" name="Finger of Death">
			<equipment value="Scroll (Finger of Death/Arcane)" />
		</entry>
		<entry weight="3" name="Forcecage">
			<equipment value="Scroll (Forcecage)" />
		</entry>
		<entry weight="4" name="Hold Person, mass">
			<equipment value="Scroll (Hold Person/Mass)" />
		</entry>
		<entry weight="3" name="Insanity">
			<equipment value="Scroll (Insanity)" />
		</entry>
		<entry weight="4" name="Invisibility, mass">
			<equipment value="Scroll (Invisibility/Mass)" />
		</entry>
		<entry weight="1" name="Limited Wish">
			<equipment value="Scroll (Limited Wish)" />
		</entry>
		<entry weight="2" name="Mage's Magnificent Mansion">
			<equipment value="Scroll (Mage's Magnificent Mansion)" />
		</entry>
		<entry weight="3" name="Mage's Sword">
			<equipment value="Scroll (Mage's Sword)" />
		</entry>
		<entry weight="3" name="Phase Door">
			<equipment value="Scroll (Phase Door)" />
		</entry>
		<entry weight="3" name="Plane Shift">
			<equipment value="Scroll (Plane Shift/Arcane)" />
		</entry>
		<entry weight="3" name="Power Word Blind">
			<equipment value="Scroll (Power Word Blind)" />
		</entry>
		<entry weight="4" name="Prismatic Spray">
			<equipment value="Scroll (Prismatic Spray)" />
		</entry>
		<entry weight="3" name="Project Image">
			<equipment value="Scroll (Project Image)" />
		</entry>
		<entry weight="3" name="Reverse Gravity">
			<equipment value="Scroll (Reverse Gravity/Arcane)" />
		</entry>
		<entry weight="3" name="Scrying, greater">
			<equipment value="Scroll (Scrying/Greater/Arcane)" />
		</entry>
		<entry weight="3" name="Sequester">
			<equipment value="Scroll (Sequester)" />
		</entry>
		<entry weight="3" name="Shadow Conjuration, greater">
			<equipment value="Scroll (Shadow Conjuration/Greater)" />
		</entry>
		<entry weight="1" name="Simulacrum">
			<equipment value="Scroll (Simulacrum)" />
		</entry>
		<entry weight="3" name="Spell Turning">
			<equipment value="Scroll (Spell Turning)" />
		</entry>
		<entry weight="2" name="Statue">
			<equipment value="Scroll (Statue)" />
		</entry>
		<entry weight="3" name="Summon Monster VII">
			<equipment value="Scroll (Summon Monster VII/Arcane)" />
		</entry>
		<entry weight="1" name="Symbol of Stunning">
			<equipment value="Scroll (Symbol of Stunning/Arcane)" />
		</entry>
		<entry weight="1" name="Symbol of Weakness">
			<equipment value="Scroll (Symbol of Weakness/Arcane)" />
		</entry>
		<entry weight="3" name="Teleport Object">
			<equipment value="Scroll (Teleport Object)" />
		</entry>
		<entry weight="5" name="Teleport, greater">
			<equipment value="Scroll (Teleport/Greater)" />
		</entry>
		<entry weight="2" name="Vision">
			<equipment value="Scroll (Vision)" />
		</entry>
		<entry weight="3" name="Waves of Exhaustion">
			<equipment value="Scroll (Waves of Exhaustion)" />
		</entry>
	</table>
	<table id="ARCANE_LEVEL_8" name="8th Level Arcane Spells">
		<entry weight="2" name="Antipathy">
			<equipment value="Scroll (Antipathy/Arcane)" />
		</entry>
		<entry weight="3" name="Clenched Fist">
			<equipment value="Scroll (Clenched Fist)" />
		</entry>
		<entry weight="3" name="Binding">
			<equipment value="Scroll (Binding)" />
		</entry>
		<entry weight="4" name="Charm Monster, mass">
			<equipment value="Scroll (Charm Monster/Mass)" />
		</entry>
		<entry weight="1" name="Clone">
			<equipment value="Scroll (Clone)" />
		</entry>
		<entry weight="3" name="Create Greater Undead">
			<equipment value="Scroll (Create Greater Undead/Arcane)" />
		</entry>
		<entry weight="3" name="Demand">
			<equipment value="Scroll (Demand)" />
		</entry>
		<entry weight="3" name="Dimensional Lock">
			<equipment value="Scroll (Dimensional Lock/Arcane)" />
		</entry>
		<entry weight="4" name="Discern Location">
			<equipment value="Scroll (Discern Location/Arcane)" />
		</entry>
		<entry weight="3" name="Horrid Wilting">
			<equipment value="Scroll (Horrid Wilting)" />
		</entry>
		<entry weight="3" name="Incendiary Cloud">
			<equipment value="Scroll (Incendiary Cloud)" />
		</entry>
		<entry weight="3" name="Iron Body">
			<equipment value="Scroll (Iron Body)" />
		</entry>
		<entry weight="3" name="Maze">
			<equipment value="Scroll (Maze)" />
		</entry>
		<entry weight="3" name="Mind Blank">
			<equipment value="Scroll (Mind Blank)" />
		</entry>
		<entry weight="3" name="Moment of Prescience">
			<equipment value="Scroll (Moment of Prescience)" />
		</entry>
		<entry weight="4" name="Telekinetic Sphere">
			<equipment value="Scroll (Telekinetic Sphere)" />
		</entry>
		<entry weight="3" name="Irresistible Dance">
			<equipment value="Scroll (Irresistible Dance)" />
		</entry>
		<entry weight="3" name="Planar Binding, greater">
			<equipment value="Scroll (Planar Binding/Greater)" />
		</entry>
		<entry weight="3" name="Polar Ray">
			<equipment value="Scroll (Polar Ray)" />
		</entry>
		<entry weight="3" name="Polymorph Any Object">
			<equipment value="Scroll (Polymorph Any Object)" />
		</entry>
		<entry weight="3" name="Power Word Stun">
			<equipment value="Scroll (Power Word Stun)" />
		</entry>
		<entry weight="3" name="Prismatic Wall">
			<equipment value="Scroll (Prismatic Wall)" />
		</entry>
		<entry weight="4" name="Protection from Spells">
			<equipment value="Scroll (Protection from Spells)" />
		</entry>
		<entry weight="3" name="Prying Eyes, greater">
			<equipment value="Scroll (Prying Eyes/Greater)" />
		</entry>
		<entry weight="3" name="Scintillating Pattern">
			<equipment value="Scroll (Scintillating Pattern)" />
		</entry>
		<entry weight="2" name="Screen">
			<equipment value="Scroll (Screen)" />
		</entry>
		<entry weight="3" name="Shadow Evocation, greater">
			<equipment value="Scroll (Shadow Evocation/Greater)" />
		</entry>
		<entry weight="3" name="Shout, greater">
			<equipment value="Scroll (Shout/Greater)" />
		</entry>
		<entry weight="3" name="Summon Monster VIII">
			<equipment value="Scroll (Summon Monster VIII/Arcane)" />
		</entry>
		<entry weight="3" name="Sunburst">
			<equipment value="Scroll (Sunburst/Arcane)" />
		</entry>
		<entry weight="1" name="Symbol of Death">
			<equipment value="Scroll (Symbol of Death/Arcane)" />
		</entry>
		<entry weight="1" name="Symbol of Insanity">
			<equipment value="Scroll (Symbol of Insanity/Arcane)" />
		</entry>
		<entry weight="2" name="Sympathy">
			<equipment value="Scroll (Sympathy/Arcane)" />
		</entry>
		<entry weight="4" name="Temporal Stasis">
			<equipment value="Scroll (Temporal Stasis)" />
		</entry>
		<entry weight="2" name="Trap the Soul">
			<equipment value="Scroll (Trap the Soul)" />
		</entry>
	</table>
	<table id="ARCANE_LEVEL_9" name="9th Level Arcane Spells">
		<entry weight="3" name="Astral Projection">
			<equipment value="Scroll (Astral Projection/Arcane)" />
		</entry>
		<entry weight="4" name="Crushing Hand">
			<equipment value="Scroll (Crushing Hand)" />
		</entry>
		<entry weight="5" name="Dominate Monster">
			<equipment value="Scroll (Dominate Monster)" />
		</entry>
		<entry weight="4" name="Energy Drain">
			<equipment value="Scroll (Energy Drain/Arcane)" />
		</entry>
		<entry weight="5" name="Etherealness">
			<equipment value="Scroll (Etherealness/Arcane)" />
		</entry>
		<entry weight="4" name="Foresight">
			<equipment value="Scroll (Foresight/Arcane)" />
		</entry>
		<entry weight="6" name="Freedom">
			<equipment value="Scroll (Freedom)" />
		</entry>
		<entry weight="5" name="Gate">
			<equipment value="Scroll (Gate)" />
		</entry>
		<entry weight="4" name="Hold Monster, mass">
			<equipment value="Scroll (Hold Monster/Mass)" />
		</entry>
		<entry weight="4" name="Imprisonment">
			<equipment value="Scroll (Imprisonment)" />
		</entry>
		<entry weight="5" name="Meteor Swarm">
			<equipment value="Scroll (Meteor Swarm)" />
		</entry>
		<entry weight="4" name="Mage's Disjunction">
			<equipment value="Scroll (Mage's Disjunction)" />
		</entry>
		<entry weight="5" name="Power Word Kill">
			<equipment value="Scroll (Power Word Kill)" />
		</entry>
		<entry weight="4" name="Prismatic Sphere">
			<equipment value="Scroll (Prismatic Sphere)" />
		</entry>
		<entry weight="4" name="Refuge">
			<equipment value="Scroll (Refuge/Arcane)" />
		</entry>
		<entry weight="4" name="Shades">
			<equipment value="Scroll (Shades)" />
		</entry>
		<entry weight="6" name="Shapechange">
			<equipment value="Scroll (Shapechange/Arcane)" />
		</entry>
		<entry weight="3" name="Soul Bind">
			<equipment value="Scroll (Soul Bind/Arcane)" />
		</entry>
		<entry weight="4" name="Summon Monster IX">
			<equipment value="Scroll (Summon Monster IX)" />
		</entry>
		<entry weight="3" name="Teleportantion Circle">
			<equipment value="Scroll (Teleportation Circle)" />
		</entry>
		<entry weight="5" name="Time Stop">
			<equipment value="Scroll (Time Stop)" />
		</entry>
		<entry weight="3" name="Wail of the Banshee">
			<equipment value="Scroll (Wail of the Banshee)" />
		</entry>
		<entry weight="4" name="Weird">
			<equipment value="Scroll (Weird)" />
		</entry>
		<entry weight="1" name="Wish">
			<equipment value="Scroll (Wish)" />
		</entry>
	</table>
	<table id="DIVINE_LEVEL_0" name="0 Level Divine Spells">
		<entry weight="7" name="Create Water">
			<equipment value="Scroll (Create Water)" />
		</entry>
		<entry weight="7" name="Cure Minor Wounds">
			<equipment value="Scroll (Cure Minor Wounds)" />
		</entry>
		<entry weight="8" name="Detect Magic">
			<equipment value="Scroll (Detect Magic/Divine)" />
		</entry>
		<entry weight="7" name="Detect Poison">
			<equipment value="Scroll (Detect Poison/Divine)" />
		</entry>
		<entry weight="7" name="Flare">
			<equipment value="Scroll (Flare/Divine)" />
		</entry>
		<entry weight="7" name="Guidance">
			<equipment value="Scroll (Guidance)" />
		</entry>
		<entry weight="7" name="Inflict Minor Wounds">
			<equipment value="Scroll (Inflict Minor Wounds)" />
		</entry>
		<entry weight="7" name="Know Direction">
			<equipment value="Scroll (Know Direction/Divine)" />
		</entry>
		<entry weight="8" name="Light">
			<equipment value="Scroll (Light/Divine)" />
		</entry>
		<entry weight="7" name="Mending">
			<equipment value="Scroll (Mending/Divine)" />
		</entry>
		<entry weight="7" name="Purify Food and Drink">
			<equipment value="Scroll (Purify Food and Drink)" />
		</entry>
		<entry weight="7" name="Read Magic">
			<equipment value="Scroll (Read Magic/Divine)" />
		</entry>
		<entry weight="7" name="Resistance">
			<equipment value="Scroll (Resistance/Divine)" />
		</entry>
		<entry weight="7" name="Virtue">
			<equipment value="Scroll (Virtue)" />
		</entry>
	</table>
	<table id="DIVINE_LEVEL_1" name="1st Level Divine Spells">
		<entry weight="1" name="Alarm">
			<equipment value="Scroll (Alarm/Divine)" />
		</entry>
		<entry weight="2" name="Bane">
			<equipment value="Scroll (Bane)" />
		</entry>
		<entry weight="3" name="Bless">
			<equipment value="Scroll (Bless)" />
		</entry>
		<entry weight="3" name="Bless Water">
			<equipment value="Scroll (Bless Water)" />
		</entry>
		<entry weight="1" name="Bless Weapon">
			<equipment value="Scroll (Bless Weapon)" />
		</entry>
		<entry weight="2" name="Calm Animals">
			<equipment value="Scroll (Calm Animals)" />
		</entry>
		<entry weight="2" name="Cause Fear">
			<equipment value="Scroll (Cause Fear/Divine)" />
		</entry>
		<entry weight="2" name="Charm Animal">
			<equipment value="Scroll (Charm Animal)" />
		</entry>
		<entry weight="3" name="Command">
			<equipment value="Scroll (Command)" />
		</entry>
		<entry weight="2" name="Comprehend Languages">
			<equipment value="Scroll (Comprehend Languages/Divine)" />
		</entry>
		<entry weight="5" name="Cure Light Wounds">
			<equipment value="Scroll (Cure Light Wounds/Divine)" />
		</entry>
		<entry weight="2" name="Curse Water">
			<equipment value="Scroll (Curse Water)" />
		</entry>
		<entry weight="2" name="Deathwatch">
			<equipment value="Scroll (Deathwatch)" />
		</entry>
		<entry weight="2" name="Detect Animals or Plants">
			<equipment value="Scroll (Detect Animals or Plants)" />
		</entry>
		<entry weight="3" name="Detect Chaos/Evil/Good/Law">
		<!-- Missing from RSRD
			<equipment choose="Chaos|Evil|Good|Law" value="Scroll (Detect %CHOICE)" />
		-->
			<equipment choose="Chaos|Evil|Good|Law" value="Scroll (Detect %CHOICE)" />
		</entry>
		<entry weight="2" name="Detect Snares and Pits">
			<equipment value="Scroll (Detect Snares and Pits)" />
		</entry>
		<entry weight="2" name="Detect Undead">
			<equipment value="Scroll (Detect Undead/Divine)" />
		</entry>
		<entry weight="2" name="Divine Favor">
			<equipment value="Scroll (Divine Favor)" />
		</entry>
		<entry weight="2" name="Doom">
			<equipment value="Scroll (Doom)" />
		</entry>
		<entry weight="5" name="Endure Elements">
			<equipment value="Scroll (Endure Elements/Divine)" />
		</entry>
		<entry weight="2" name="Entangle">
			<equipment value="Scroll (Entangle)" />
		</entry>
		<entry weight="2" name="Entropic Shield">
			<equipment value="Scroll (Entropic Shield)" />
		</entry>
		<entry weight="2" name="Faerie Fire">
			<equipment value="Scroll (Faerie Fire)" />
		</entry>
		<entry weight="2" name="Goodberry">
			<equipment value="Scroll (Goodberry)" />
		</entry>
		<entry weight="2" name="Hide from Animals">
			<equipment value="Scroll (Hide from Animals)" />
		</entry>
		<entry weight="2" name="Hide from Undead">
			<equipment value="Scroll (Hide from Undead)" />
		</entry>
		<entry weight="2" name="Inflict Light Wounds">
			<equipment value="Scroll (Inflict Light Wounds)" />
		</entry>
		<entry weight="2" name="Jump">
			<equipment value="Scroll (Jump/Divine)" />
		</entry>
		<entry weight="2" name="Longstrider">
			<equipment value="Scroll (Longstrider)" />
		</entry>
		<entry weight="2" name="Magic Fang">
			<equipment value="Scroll (Magic Fang)" />
		</entry>
		<entry weight="4" name="Magic Stone">
			<equipment value="Scroll (Magic Stone)" />
		</entry>
		<entry weight="2" name="Magic Weapon">
			<equipment value="Scroll (Magic Weapon/Divine)" />
		</entry>
		<entry weight="4" name="Obscuring Mist">
			<equipment value="Scroll (Obscuring Mist/Divine)" />
		</entry>
		<entry weight="2" name="Pass Without Trace">
			<equipment value="Scroll (Pass Without Trace)" />
		</entry>
		<entry weight="2" name="Produce Flame">
			<equipment value="Scroll (Produce Flame)" />
		</entry>
		<entry weight="4" name="Protection from Chaos/Evil/Good/Law">
			<equipment choose="Chaos|Evil|Good|Law" value="Scroll (Protection from %CHOICE/Divine)" />
		</entry>
		<entry weight="2" name="Remove Fear">
			<equipment value="Scroll (Remove Fear/Divine)" />
		</entry>
		<entry weight="2" name="Sanctuary">
			<equipment value="Scroll (Sanctuary)" />
		</entry>
		<entry weight="2" name="Shield of Faith">
			<equipment value="Scroll (Shield of Faith)" />
		</entry>
		<entry weight="2" name="Shillelagh">
			<equipment value="Scroll (Shillelagh)" />
		</entry>
		<entry weight="2" name="Speak with Animals">
			<equipment value="Scroll (Speak with Animals/Divine)" />
		</entry>
		<entry weight="2" name="Summon Monster I">
			<equipment value="Scroll (Summon Monster I/Divine)" />
		</entry>
		<entry weight="2" name="Summon Nature's Ally I">
			<equipment value="Scroll (Summon Nature's Ally I)" />
		</entry>
	</table>
	<table id="DIVINE_LEVEL_2" name="2nd Level Divine Spells">
		<entry weight="1" name="Animal Messenger">
			<equipment value="Scroll (Animal Messenger/Divine)" />
		</entry>
		<entry weight="1" name="Animal Trance">
			<equipment value="Scroll (Animal Trance/Divine)" />
		</entry>
		<entry weight="2" name="Augury">
			<equipment value="Scroll (Augury)" />
		</entry>
		<entry weight="2" name="Barkskin">
			<equipment value="Scroll (Barkskin)" />
		</entry>
		<entry weight="3" name="Bear's Endurance">
			<equipment value="Scroll (Bear's Endurance/Divine)" />
		</entry>
		<entry weight="3" name="Bull's Strength">
			<equipment value="Scroll (Bull's Strength/Divine)" />
		</entry>
		<entry weight="2" name="Calm Emotions">
			<equipment value="Scroll (Calm Emotions/Divine)" />
		</entry>
		<entry weight="3" name="Cat's Grace">
			<equipment value="Scroll (Cat's Grace/Divine)" />
		</entry>
		<entry weight="1" name="Chill Metal">
			<equipment value="Scroll (Chill Metal)" />
		</entry>
		<entry weight="2" name="Consecrate">
			<equipment value="Scroll (Consecrate)" />
		</entry>
		<entry weight="4" name="Cure Moderate Wounds">
			<equipment value="Scroll (Cure Moderate Wounds/Divine)" />
		</entry>
		<entry weight="2" name="Darkness">
			<equipment value="Scroll (Darkness/Divine)" />
		</entry>
		<entry weight="1" name="Death Knell">
			<equipment value="Scroll (Death Knell)" />
		</entry>
		<entry weight="3" name="Delay Poison">
			<equipment value="Scroll (Delay Poison/Divine)" />
		</entry>
		<entry weight="2" name="Desecrate">
			<equipment value="Scroll (Desecrate)" />
		</entry>
		<entry weight="3" name="Eagle's Splendor">
			<equipment value="Scroll (Eagle's Splendor/Divine)" />
		</entry>
		<entry weight="2" name="Enthrall">
			<equipment value="Scroll (Enthrall/Divine)" />
		</entry>
		<entry weight="2" name="Find Traps">
			<equipment value="Scroll (Find Traps)" />
		</entry>
		<entry weight="1" name="Fire Trap">
			<equipment value="Scroll (Fire Trap/Divine)" />
		</entry>
		<entry weight="2" name="Flame Blade">
			<equipment value="Scroll (Flame Blade)" />
		</entry>
		<entry weight="2" name="Flaming Sphere">
			<equipment value="Scroll (Flaming Sphere/Divine)" />
		</entry>
		<entry weight="2" name="Fog Cloud">
			<equipment value="Scroll (Fog Cloud/Divine)" />
		</entry>
		<entry weight="1" name="Gentle Repose">
			<equipment value="Scroll (Gentle Repose/Divine)" />
		</entry>
		<entry weight="1" name="Gust of Wind">
			<equipment value="Scroll (Gust of Wind/Divine)" />
		</entry>
		<entry weight="1" name="Heat Metal">
			<equipment value="Scroll (Heat Metal)" />
		</entry>
		<entry weight="2" name="Hold Animal">
			<equipment value="Scroll (Hold Animal)" />
		</entry>
		<entry weight="3" name="Hold Person">
			<equipment value="Scroll (Hold Person/Divine)" />
		</entry>
		<entry weight="2" name="Inflict Moderate Wounds">
			<equipment value="Scroll (Inflict Moderate Wounds)" />
		</entry>
		<entry weight="2" name="Make Whole">
			<equipment value="Scroll (Make Whole)" />
		</entry>
		<entry weight="3" name="Owl's Wisdom">
			<equipment value="Scroll (Owl's Wisdom/Divine)" />
		</entry>
		<entry weight="1" name="Reduce Animal">
			<equipment value="Scroll (Reduce Animal)" />
		</entry>
		<entry weight="2" name="Remove Paralysis">
			<equipment value="Scroll (Remove Paralysis)" />
		</entry>
		<entry weight="3" name="Resist Energy">
			<equipment value="Scroll (Resist Energy/Divine)" />
		</entry>
		<entry weight="3" name="Restoration, lesser">
			<equipment value="Scroll (Restoration/Lesser)" />
		</entry>
		<entry weight="2" name="Shatter">
			<equipment value="Scroll (Shatter/Divine)" />
		</entry>
		<entry weight="2" name="Shield Other">
			<equipment value="Scroll (Shield Other)" />
		</entry>
		<entry weight="2" name="Silence">
			<equipment value="Scroll (Silence/Divine)" />
		</entry>
		<entry weight="1" name="Snare">
			<equipment value="Scroll (Snare/Lvl 2)" />
		</entry>
		<entry weight="1" name="Soften Earth and Stone">
			<equipment value="Scroll (Soften Earth and Stone)" />
		</entry>
		<entry weight="2" name="Sound Burst">
			<equipment value="Scroll (Sound Burst/Divine)" />
		</entry>
		<entry weight="1" name="Speak with Plants">
			<equipment value="Scroll (Speak with Plants/Divine/Lvl 2)" />
		</entry>
		<entry weight="2" name="Spider Climb">
			<equipment value="Scroll (Spider Climb/Divine)" />
		</entry>
		<entry weight="2" name="Spiritual Weapon">
			<equipment value="Scroll (Spiritual Weapon)" />
		</entry>
		<entry weight="1" name="Status">
			<equipment value="Scroll (Status)" />
		</entry>
		<entry weight="2" name="Summon Monster II">
			<equipment value="Scroll (Summon Monster II/Divine)" />
		</entry>
		<entry weight="2" name="Summon Nature's Ally II">
			<equipment value="Scroll (Summon Nature's Ally II)" />
		</entry>
		<entry weight="2" name="Summon Swarm">
			<equipment value="Scroll (Summon Swarm/Divine)" />
		</entry>
		<entry weight="1" name="Tree Shape">
			<equipment value="Scroll (Tree Shape)" />
		</entry>
		<entry weight="2" name="Undetectable Alignment">
			<equipment value="Scroll (Undetectable Alignment/Divine)" />
		</entry>
		<entry weight="2" name="Warp Wood">
			<equipment value="Scroll (Warp Wood)" />
		</entry>
		<entry weight="1" name="Wood Shape">
			<equipment value="Scroll (Wood Shape)" />
		</entry>
		<entry weight="2" name="Zone of Truth">
			<equipment value="Scroll (Zone of Truth)" />
		</entry>
	</table>
	<table id="DIVINE_LEVEL_3" name="3rd Level Divine Spells">
		<entry weight="2" name="Animate Dead">
			<equipment value="Scroll (Animate Dead/Divine)" />
		</entry>
		<entry weight="2" name="Bestow Curse">
			<equipment value="Scroll (Bestow Curse/Divine)" />
		</entry>
		<entry weight="2" name="Blindness/Deafness">
			<equipment value="Scroll (Blindness/Deafness/Divine)" />
		</entry>
		<entry weight="2" name="Call Lightning">
			<equipment value="Scroll (Call Lightning)" />
		</entry>
		<entry weight="2" name="Contagion">
			<equipment value="Scroll (Contagion/Divine)" />
		</entry>
		<entry weight="2" name="Continual Flame">
			<equipment value="Scroll (Continual Flame/Divine)" />
		</entry>
		<entry weight="2" name="Create Food and Water">
			<equipment value="Scroll (Create Food and Water)" />
		</entry>
		<entry weight="4" name="Cure Serious Wounds">
			<equipment value="Scroll (Cure Serious Wounds/Divine)" />
		</entry>
		<entry weight="1" name="Darkvision">
			<equipment value="Scroll (Darkvision/Divine)" />
		</entry>
		<entry weight="2" name="Daylight">
			<equipment value="Scroll (Daylight/Divine)" />
		</entry>
		<entry weight="2" name="Deeper Darkness">
			<equipment value="Scroll (Deeper Darkness)" />
		</entry>
		<entry weight="2" name="Diminish Plants">
			<equipment value="Scroll (Diminish Plants)" />
		</entry>
		<entry weight="2" name="Dispel Magic">
			<equipment value="Scroll (Dispel Magic/Divine)" />
		</entry>
		<entry weight="2" name="Dominate Animal">
			<equipment value="Scroll (Dominate Animal)" />
		</entry>
		<entry weight="2" name="Glyph of Warding">
			<equipment value="Scroll (Glyph of Warding)" />
		</entry>
		<entry weight="1" name="Heal Mount">
			<equipment value="Scroll (Heal Mount)" />
		</entry>
		<entry weight="2" name="Helping Hand">
			<equipment value="Scroll (Helping Hand)" />
		</entry>
		<entry weight="2" name="Inflict Serious Wounds">
			<equipment value="Scroll (Inflict Serious Wounds)" />
		</entry>
		<entry weight="2" name="Invisibility Purge">
			<equipment value="Scroll (Invisibility Purge)" />
		</entry>
		<entry weight="2" name="Locate Object">
			<equipment value="Scroll (Locate Object/Divine)" />
		</entry>
		<entry weight="6" name="Magic Circle against Chaos/Evil/Good/Law">
			<equipment choose="Chaos|Evil|Good|Law" value="Scroll (Magic Circle against %CHOICE/Divine)" />
		</entry>
		<entry weight="2" name="Magic Fang, greater">
			<equipment value="Scroll (Magic Fang/Greater)" />
		</entry>
		<entry weight="2" name="Magic Vestment">
			<equipment value="Scroll (Magic Vestment)" />
		</entry>
		<entry weight="2" name="Meld into Stone">
			<equipment value="Scroll (Meld into Stone)" />
		</entry>
		<entry weight="3" name="Neutralize Poison">
			<equipment value="Scroll (Neutralize Poison/Divine)" />
		</entry>
		<entry weight="2" name="Obscure Object">
			<equipment value="Scroll (Obscure Object/Divine)" />
		</entry>
		<entry weight="2" name="Plant Growth">
			<equipment value="Scroll (Plant Growth)" />
		</entry>
		<entry weight="3" name="Prayer">
			<equipment value="Scroll (Prayer)" />
		</entry>
		<entry weight="2" name="Protection from Energy">
			<equipment value="Scroll (Protection from Energy)" />
		</entry>
		<entry weight="2" name="Quench">
			<equipment value="Scroll (Quench)" />
		</entry>
		<entry weight="3" name="Remove Blindness/Deafness">
			<equipment value="Scroll (Remove Blindness/Deafness)" />
		</entry>
		<entry weight="2" name="Remove Curse">
			<equipment value="Scroll (Remove Curse/Divine)" />
		</entry>
		<entry weight="2" name="Remove Disease">
			<equipment value="Scroll (Remove Disease)" />
		</entry>
		<entry weight="3" name="Searing Light">
			<equipment value="Scroll (Searing Light)" />
		</entry>
		<entry weight="2" name="Sleet Storm">
			<equipment value="Scroll (Sleet Storm/Divine)" />
		</entry>
		<entry weight="2" name="Snare">
			<equipment value="Scroll (Snare/Lvl 3)" />
		</entry>
		<entry weight="3" name="Speak with Dead">
			<equipment value="Scroll (Speak with Dead)" />
		</entry>
		<entry weight="2" name="Speak with Plants">
			<equipment value="Scroll (Speak with Plants/Divine/Lvl 3)" />
		</entry>
		<entry weight="2" name="Spike Growth">
			<equipment value="Scroll (Spike Growth)" />
		</entry>
		<entry weight="2" name="Stone Shape">
		<!-- Missing from RSRD (arcane/divine)
			<equipment value="Scroll (Stone Shape/Divine)" />
		-->
			<equipment value="Scroll (Stone Shape/Divine)" />
		</entry>
		<entry weight="2" name="Summon Monster III">
			<equipment value="Scroll (Summon Monster III/Divine)" />
		</entry>
		<entry weight="2" name="Summon Nature's Ally III">
			<equipment value="Scroll (Summon Nature's Ally III)" />
		</entry>
		<entry weight="3" name="Water Breathing">
			<equipment value="Scroll (Water Breathing/Divine)" />
		</entry>
		<entry weight="2" name="Water Walk">
			<equipment value="Scroll (Water Walk)" />
		</entry>
		<entry weight="2" name="Wind Wall">
			<equipment value="Scroll (Wind Wall/Divine)" />
		</entry>
	</table>
	<table id="DIVINE_LEVEL_4" name="4th Level Divine Spells">
		<entry weight="5" name="Air Walk">
			<equipment value="Scroll (Air Walk)" />
		</entry>
		<entry weight="2" name="Antiplant Shell">
			<equipment value="Scroll (Antiplant Shell)" />
		</entry>
		<entry weight="2" name="Blight">
			<equipment value="Scroll (Blight/Divine)" />
		</entry>
		<entry weight="2" name="Break Enchantment">
			<equipment value="Scroll (Break Enchantment/Divine/Lvl 4)" />
		</entry>
		<entry weight="2" name="Command Plants">
			<equipment value="Scroll (Command Plants)" />
		</entry>
		<entry weight="2" name="Control Water">
			<equipment value="Scroll (Control Water)" />
		</entry>
		<entry weight="6" name="Cure Critical Wounds">
			<equipment value="Scroll (Cure Critical Wounds/Divine)" />
		</entry>
		<entry weight="5" name="Death Ward">
			<equipment value="Scroll (Death Ward)" />
		</entry>
		<entry weight="5" name="Dimensional Anchor">
			<equipment value="Scroll (Dimensional Anchor/Divine)" />
		</entry>
		<entry weight="3" name="Discern Lies">
			<equipment value="Scroll (Sleet Storm/Divine)" />
		</entry>
		<entry weight="3" name="Dismissal">
			<equipment value="Scroll (Dismissal/Divine)" />
		</entry>
		<entry weight="2" name="Divination">
			<equipment value="Scroll (Divination)" />
		</entry>
		<entry weight="3" name="Divine Power">
			<equipment value="Scroll (Divine Power)" />
		</entry>
		<entry weight="5" name="Freedom of Movement">
			<equipment value="Scroll (Freedom of Movement/Divine)" />
		</entry>
		<entry weight="2" name="Giant Vermin">
			<equipment value="Scroll (Sleet Storm/Divine)" />
		</entry>
		<entry weight="2" name="Holy Sword">
			<equipment value="Scroll (Holy Sword)" />
		</entry>
		<entry weight="3" name="Imbue with Spell Ability">
			<equipment value="Scroll (Imbue with Spell Ability)" />
		</entry>
		<entry weight="3" name="Inflict Critical Wounds">
			<equipment value="Scroll (Inflict Critical Wounds)" />
		</entry>
		<entry weight="3" name="Magic Weapon, greater">
			<equipment value="Scroll (Magic Weapon/Greater/Divine)" />
		</entry>
		<entry weight="2" name="Nondetection">
			<equipment value="Scroll (Nondetection/Divine)" />
		</entry>
		<entry weight="2" name="Planar Ally, lesser">
			<equipment value="Scroll (Planar Ally/Lesser)" />
		</entry>
		<entry weight="3" name="Poison">
			<equipment value="Scroll (Poison)" />
		</entry>
		<entry weight="2" name="Reincarnate">
			<equipment value="Scroll (Reincarnate)" />
		</entry>
		<entry weight="2" name="Repel Vermin">
			<equipment value="Scroll (Repel Vermin/Divine)" />
		</entry>
		<entry weight="5" name="Restoration">
			<equipment value="Scroll (Restoration)" />
		</entry>
		<entry weight="2" name="Rusting Grasp">
			<equipment value="Scroll (Rusting Grasp)" />
		</entry>
		<entry weight="3" name="Sending">
			<equipment value="Scroll (Sending/Divine)" />
		</entry>
		<entry weight="4" name="Spell Immunity">
			<equipment value="Scroll (Spell Immunity)" />
		</entry>
		<entry weight="2" name="Spike Stones">
			<equipment value="Scroll (Spike Stones)" />
		</entry>
		<entry weight="3" name="Summon Monster IV">
			<equipment value="Scroll (Summon Monster IV/Divine)" />
		</entry>
		<entry weight="3" name="Summon Nature's Ally IV">
			<equipment value="Scroll (Summon Nature's Ally IV)" />
		</entry>
		<entry weight="5" name="Tongues">
			<!-- Missing from RSRD (arcane/divine)
			<equipment value="Scroll (Tongues/Divine)" />
			-->
			<equipment value="Scroll (Tongues/Divine)" />
		</entry>
		<entry weight="2" name="Tree Stride">
			<equipment value="Scroll (Tree Stride)" />
		</entry>
	</table>
	<table id="DIVINE_LEVEL_5" name="5th Level Divine Spells">
		<entry weight="3" name="Animal Growth">
			<equipment value="Scroll (Animal Growth/Divine)" />
		</entry>
		<entry weight="2" name="Atonement">
			<equipment value="Scroll (Atonement)" />
		</entry>
		<entry weight="1" name="Awaken">
			<equipment value="Scroll (Awaken)" />
		</entry>
		<entry weight="3" name="Baleful Polymorph">
			<equipment value="Scroll (Baleful Polymorph/Divine)" />
		</entry>
		<entry weight="4" name="Break Enchantment">
			<equipment value="Scroll (Break Enchantment/Divine/Lvl 5)" />
		</entry>
		<entry weight="3" name="Call Lightning Storm">
			<equipment value="Scroll (Call Lightning Storm)" />
		</entry>
		<entry weight="4" name="Command, greater">
			<equipment value="Scroll (Command/Greater)" />
		</entry>
		<entry weight="1" name="Commune">
			<equipment value="Scroll (Commune)" />
		</entry>
		<entry weight="1" name="Commune with Nature">
			<equipment value="Scroll (Commune with Nature)" />
		</entry>
		<entry weight="2" name="Control Winds">
			<equipment value="Scroll (Control Winds)" />
		</entry>
		<entry weight="6" name="Cure Light Wounds, mass">
			<equipment value="Scroll (Cure Light Wounds/Mass/Divine)" />
		</entry>
		<entry weight="4" name="Dispel Chaos/Evil/Good/Law">
			<equipment choose="Chaos|Evil|Good|Law" value="Scroll (Dispel %CHOICE)" />
		</entry>
		<entry weight="4" name="Disrupting Weapon">
			<equipment value="Scroll (Disrupting Weapon)" />
		</entry>
		<entry weight="3" name="Flame Strike">
			<equipment value="Scroll (Flame Strike)" />
		</entry>
		<entry weight="2" name="Hallow">
			<equipment value="Scroll (Hallow)" />
		</entry>
		<entry weight="3" name="Ice Storm">
			<equipment value="Scroll (Ice Storm/Divine)" />
		</entry>
		<entry weight="3" name="Inflict Light Wounds, mass">
			<equipment value="Scroll (Inflict Light Wounds/Mass)" />
		</entry>
		<entry weight="3" name="Insect Plague">
			<equipment value="Scroll (Insect Plague)" />
		</entry>
		<entry weight="1" name="Mark of Justice">
			<equipment value="Scroll (Mark of Justice)" />
		</entry>
		<entry weight="3" name="Plane Shift">
			<equipment value="Scroll (Plane Shift/Divine)" />
		</entry>
		<entry weight="2" name="Raise Dead">
			<equipment value="Scroll (Raise Dead)" />
		</entry>
		<entry weight="3" name="Righteous Might">
			<equipment value="Scroll (Righteous Might)" />
		</entry>
		<entry weight="2" name="Scrying">
			<equipment value="Scroll (Scrying/Divine)" />
		</entry>
		<entry weight="3" name="Slay Living">
			<equipment value="Scroll (Slay Living)" />
		</entry>
		<entry weight="3" name="Spell Resistance">
			<equipment value="Scroll (Spell Resistance)" />
		</entry>
		<entry weight="2" name="Stoneskin">
			<equipment value="Scroll (Stoneskin/Divine)" />
		</entry>
		<entry weight="3" name="Summon Monster V">
			<equipment value="Scroll (Summon Monster V/Divine)" />
		</entry>
		<entry weight="3" name="Summon Nature's Ally V">
			<equipment value="Scroll (Summon Nature's Ally V)" />
		</entry>
		<entry weight="1" name="Symbol of Pain">
			<equipment value="Scroll (Symbol of Pain/Divine)" />
		</entry>
		<entry weight="1" name="Symbol of Sleep">
			<equipment value="Scroll (Symbol of Sleep/Divine)" />
		</entry>
		<entry weight="3" name="Transmute Mud to Rock">
			<equipment value="Scroll (Transmute Mud to Rock/Divine)" />
		</entry>
		<entry weight="3" name="Transmute Rock to Mud">
			<equipment value="Scroll (Transmute Rock to Mud/Divine)" />
		</entry>
		<entry weight="4" name="True Seeing">
			<equipment value="Scroll (True Seeing/Divine)" />
		</entry>
		<entry weight="2" name="Unhallow">
			<equipment value="Scroll (Unhallow)" />
		</entry>
		<entry weight="3" name="Wall of Fire">
			<equipment value="Scroll (Wall of Fire/Divine)" />
		</entry>
		<entry weight="3" name="Wall of Stone">
			<!-- Missing from RSRD (arcane/divine)
			<equipment value="Scroll (Wall of Stone/Divine)" />
			-->
			<equipment value="Scroll (Wall of Stone/Divine)" />
		</entry>
		<entry weight="3" name="Wall of Thorns">
			<equipment value="Scroll (Wall of Thorns)" />
		</entry>
	</table>
	<table id="DIVINE_LEVEL_6" name="6th Level Divine Spells">
		<entry weight="3" name="Animate Objects">
			<equipment value="Scroll (Animate Objects/Divine)" />
		</entry>
		<entry weight="3" name="Antilife Shell">
			<equipment value="Scroll (Antilife Shell)" />
		</entry>
		<entry weight="3" name="Banishment">
			<equipment value="Scroll (Banishment/Divine)" />
		</entry>
		<entry weight="4" name="Bear's Endurance, mass">
			<equipment value="Scroll (Bear's Endurance/Mass/Divine)" />
		</entry>
		<entry weight="3" name="Blade Barrier">
			<equipment value="Scroll (Blade Barrier)" />
		</entry>
		<entry weight="4" name="Bull's Strength, mass">
			<equipment value="Scroll (Bull's Strength/Mass/Divine)" />
		</entry>
		<entry weight="4" name="Cat's Grace, mass">
			<equipment value="Scroll (Cat's Grace/Mass/Divine)" />
		</entry>
		<entry weight="1" name="Create Undead">
			<equipment value="Scroll (Create Undead/Divine)" />
		</entry>
		<entry weight="4" name="Cure Moderate Wounds, mass">
			<equipment value="Scroll (Cure Moderate Wounds/Mass/Divine)" />
		</entry>
		<entry weight="4" name="Dispel Magic, greater">
			<equipment value="Scroll (Dispel Magic/Greater/Divine)" />
		</entry>
		<entry weight="4" name="Eagle's Splendor, mass">
			<equipment value="Scroll (Eagle's Splendor/Mass/Divine)" />
		</entry>
		<entry weight="3" name="Find the Path">
			<equipment value="Scroll (Find the Path/Divine)" />
		</entry>
		<entry weight="3" name="Fire Seeds">
			<equipment value="Scroll (Fire Seeds)" />
		</entry>
		<entry weight="1" name="Forbiddance">
			<equipment value="Scroll (Forbiddance)" />
		</entry>
		<entry weight="1" name="Geas/Quest">
			<equipment value="Scroll (Geas/Quest/Divine)" />
		</entry>
		<entry weight="1" name="Glyph of Warding, greater">
			<equipment value="Scroll (Glyph of Warding/Greater)" />
		</entry>
		<entry weight="3" name="Harm">
			<equipment value="Scroll (Harm)" />
		</entry>
		<entry weight="3" name="Heal">
			<equipment value="Scroll (Heal)" />
		</entry>
		<entry weight="3" name="Heroes' Feast">
			<equipment value="Scroll (Heroes' Feast/Divine)" />
		</entry>
		<entry weight="3" name="Inflict Moderate Wounds, mass">
			<equipment value="Scroll (Inflict Moderate Wounds/Mass)" />
		</entry>
		<entry weight="3" name="Ironwood">
			<equipment value="Scroll (Ironwood)" />
		</entry>
		<entry weight="1" name="Liveoak">
			<equipment value="Scroll (Liveoak)" />
		</entry>
		<entry weight="3" name="Move Earth">
			<equipment value="Scroll (Move Earth/Divine)" />
		</entry>
		<entry weight="4" name="Owl's Wisdom, mass">
			<equipment value="Scroll (Owl's Wisdom/Mass/Divine)" />
		</entry>
		<entry weight="2" name="Planar Ally">
			<equipment value="Scroll (Planar Ally)" />
		</entry>
		<entry weight="3" name="Repel Wood">
			<equipment value="Scroll (Repel Wood)" />
		</entry>
		<entry weight="3" name="Spellstaff">
			<equipment value="Scroll (Spellstaff)" />
		</entry>
		<entry weight="3" name="Stone Tell">
			<equipment value="Scroll (Stone Tell)" />
		</entry>
		<entry weight="3" name="Summon Monster VI">
			<equipment value="Scroll (Summon Monster VI/Divine)" />
		</entry>
		<entry weight="3" name="Summon Nature's Ally VI">
			<equipment value="Scroll (Summon Nature's Ally VI)" />
		</entry>
		<entry weight="1" name="Symbol of Fear">
			<equipment value="Scroll (Symbol of Fear/Divine)" />
		</entry>
		<entry weight="1" name="Symbol of Persuasion">
			<equipment value="Scroll (Symbol of Persuasion/Divine)" />
		</entry>
		<entry weight="3" name="Transport via Plants">
			<equipment value="Scroll (Transport via Plants)" />
		</entry>
		<entry weight="3" name="Undeath to Death">
			<equipment value="Scroll (Undeath to Death/Divine)" />
		</entry>
		<entry weight="3" name="Wind Walk">
			<equipment value="Scroll (Wind Walk)" />
		</entry>
		<entry weight="3" name="Word of Recall">
			<equipment value="Scroll (Word of Recall)" />
		</entry>
	</table>
	<table id="DIVINE_LEVEL_7" name="7th Level Divine Spells">
		<entry weight="5" name="Animate Plants">
			<equipment value="Scroll (Animate Plants)" />
		</entry>
		<entry weight="4" name="Blasphemy">
			<equipment value="Scroll (Blasphemy)" />
		</entry>
		<entry weight="5" name="Changestaff">
			<!-- Missing from RSRD -->
			<equipment value="Scroll (Changestaff)" />
		</entry>
		<entry weight="2" name="Control Weather">
			<equipment value="Scroll (Control Weather/Divine)" />
		</entry>
		<entry weight="5" name="Creeping Doom">
			<equipment value="Scroll (Creeping Doom)" />
		</entry>
		<entry weight="6" name="Cure Serious Wounds, mass">
			<equipment value="Scroll (Cure Serious Wounds/Mass)" />
		</entry>
		<entry weight="5" name="Destruction">
			<equipment value="Scroll (Destruction)" />
		</entry>
		<entry weight="4" name="Dictum">
			<equipment value="Scroll (Dictum)" />
		</entry>
		<entry weight="5" name="Ethereal Jaunt">
			<equipment value="Scroll (Ethereal Jaunt/Divine)" />
		</entry>
		<entry weight="4" name="Holy Word">
			<equipment value="Scroll (Holy Word)" />
		</entry>
		<entry weight="5" name="Inflict Serious Wounds, mass">
			<equipment value="Scroll (Inflict Serious Wounds/Mass)" />
		</entry>
		<entry weight="5" name="Refuge">
			<equipment value="Scroll (Refuge/Divine)" />
		</entry>
		<entry weight="5" name="Regenerate">
			<equipment value="Scroll (Regenerate/Lvl 7)" />
		</entry>
		<entry weight="5" name="Repulsion">
			<equipment value="Scroll (Repulsion/Divine)" />
		</entry>
		<entry weight="4" name="Restoration, greater">
			<equipment value="Scroll (Restoration/Greater)" />
		</entry>
		<entry weight="2" name="Resurrection">
			<equipment value="Scroll (Resurrection)" />
		</entry>
		<entry weight="5" name="Scrying, greater">
			<equipment value="Scroll (Scrying/Greater/Divine)" />
		</entry>
		<entry weight="5" name="Summon Monster VII">
			<equipment value="Scroll (Summon Monster VII/Divine)" />
		</entry>
		<entry weight="4" name="Summon Nature's Ally VII">
			<equipment value="Scroll (Summon Nature's Ally VII)" />
		</entry>
		<entry weight="5" name="Sunbeam">
			<equipment value="Scroll (Sunbeam)" />
		</entry>
		<entry weight="1" name="Symbol of Stunning">
			<equipment value="Scroll (Symbol of Stunning/Divine)" />
		</entry>
		<entry weight="1" name="Symbol of Weakness">
			<equipment value="Scroll (Symbol of Weakness/Divine)" />
		</entry>
		<entry weight="5" name="Transmute Metal to Wood">
			<equipment value="Scroll (Transmute Metal to Wood)" />
		</entry>
		<entry weight="3" name="Word of Chaos">
			<equipment value="Scroll (Word of Chaos)" />
		</entry>
	</table>
	<table id="DIVINE_LEVEL_8" name="8th Level Divine Spells">
		<entry weight="4" name="Animal Shapes">
			<equipment value="Scroll (Animal Shapes)" />
		</entry>
		<entry weight="6" name="Antimagic Field">
			<equipment value="Scroll (Antimagic Field/Divine)" />
		</entry>
		<entry weight="3" name="Cloak of Chaos">
			<equipment value="Scroll (Cloak of Chaos)" />
		</entry>
		<entry weight="4" name="Control Plants">
			<equipment value="Scroll (Control Plants)" />
		</entry>
		<entry weight="3" name="Create Greater Undead">
			<equipment value="Scroll (Create Greater Undead/Divine)" />
		</entry>
		<entry weight="7" name="Cure Critical Wounds, mass">
			<equipment value="Scroll (Cure Critical Wounds/Mass)" />
		</entry>
		<entry weight="5" name="Dimensional Lock">
			<equipment value="Scroll (Dimensional Lock/Divine)" />
		</entry>
		<entry weight="4" name="Discern Location">
			<equipment value="Scroll (Discern Location/Divine)" />
		</entry>
		<entry weight="5" name="Earthquake">
			<equipment value="Scroll (Earthquake)" />
		</entry>
		<entry weight="4" name="Finger of Death">
			<equipment value="Scroll (Finger of Death/Divine)" />
		</entry>
		<entry weight="4" name="Fire Storm">
			<equipment value="Scroll (Fire Storm)" />
		</entry>
		<entry weight="3" name="Holy Aura">
			<equipment value="Scroll (Holy Aura)" />
		</entry>
		<entry weight="4" name="Inflict Critical Wounds, mass">
			<equipment value="Scroll (Inflict Critical Wounds/Mass)" />
		</entry>
		<entry weight="4" name="Planar Ally, greater">
			<equipment value="Scroll (Planar Ally/Greater)" />
		</entry>
		<entry weight="5" name="Repel Metal or Stone">
			<equipment value="Scroll (Repel Metal or Stone)" />
		</entry>
		<entry weight="4" name="Reverse Gravity">
			<equipment value="Scroll (Reverse Gravity/Divine)" />
		</entry>
		<entry weight="3" name="Shield of Law">
			<equipment value="Scroll (Shield of Law)" />
		</entry>
		<entry weight="4" name="Spell Immunity, greater">
			<equipment value="Scroll (Spell Immunity/Greater)" />
		</entry>
		<entry weight="4" name="Summon Monster VIII">
			<equipment value="Scroll (Summon Monster VIII/Divine)" />
		</entry>
		<entry weight="4" name="Summon Nature's Ally VIII">
			<equipment value="Scroll (Summon Nature's Ally VIII)" />
		</entry>
		<entry weight="5" name="Sunburst">
			<equipment value="Scroll (Sunburst/Divine)" />
		</entry>
		<entry weight="2" name="Symbol of Death">
			<equipment value="Scroll (Symbol of Death/Divine)" />
		</entry>
		<entry weight="2" name="Symbol of Insanity">
			<equipment value="Scroll (Symbol of Insanity/Divine)" />
		</entry>
		<entry weight="3" name="Unholy Aura">
			<equipment value="Scroll (Unholy Aura)" />
		</entry>
		<entry weight="4" name="Whirlwind">
			<equipment value="Scroll (Whirlwind)" />
		</entry>
	</table>
	<table id="DIVINE_LEVEL_9" name="9th Level Divine Spells">
		<entry weight="4" name="Antipathy">
			<equipment value="Scroll (Antipathy/Divine)" />
		</entry>
		<entry weight="3" name="Astral Projection">
			<equipment value="Scroll (Astral Projection/Divine)" />
		</entry>
		<entry weight="6" name="Elemental Swarm">
			<equipment value="Scroll (Elemental Swarm)" />
		</entry>
		<entry weight="6" name="Energy Drain">
			<equipment value="Scroll (Energy Drain/Divine)" />
		</entry>
		<entry weight="6" name="Etherealness">
			<equipment value="Scroll (Etherealness/Divine)" />
		</entry>
		<entry weight="6" name="Foresight">
			<equipment value="Scroll (Foresight/Divine)" />
		</entry>
		<entry weight="6" name="Gate">
			<!-- Missing from RSRD (arcane/divine) -->
			<equipment value="Scroll (Gate/Divine)" />
		</entry>
		<entry weight="9" name="Heal, mass">
			<equipment value="Scroll (Heal/Mass)" />
		</entry>
		<entry weight="7" name="Implosion">
			<equipment value="Scroll (Implosion)" />
		</entry>
		<entry weight="2" name="Miracle">
			<equipment value="Scroll (Miracle)" />
		</entry>
		<entry weight="6" name="Regenerate">
			<equipment value="Scroll (Regenerate/Lvl 9)" />
		</entry>
		<entry weight="5" name="Shambler">
			<equipment value="Scroll (Shambler)" />
		</entry>
		<entry weight="6" name="Shapechange">
			<equipment value="Scroll (Shapechange/Divine)" />
		</entry>
		<entry weight="5" name="Soul Bind">
			<equipment value="Scroll (Soul Bind/Divine)" />
		</entry>
		<entry weight="6" name="Storm of Vengeance">
			<equipment value="Scroll (Storm of Vengeance)" />
		</entry>
		<entry weight="6" name="Summon Monster IX">
			<!-- Missing from RSRD (arcane/divine) -->
			<equipment value="Scroll (Summon Monster IX/Divine)" />
		</entry>
		<entry weight="6" name="Summon Nature's Ally IX">
			<equipment value="Scroll (Summon Nature's Ally IX)" />
		</entry>
		<entry weight="4" name="Sympathy">
			<equipment value="Scroll (Sympathy/Divine)" />
		</entry>
		<entry weight="1" name="True Resurrection">
			<equipment value="Scroll (True Resurrection)" />
		</entry>
	</table>
</equipment_tables>
