<?xml version="1.0" encoding="UTF-8"?>
<equipment_tables game_mode="35e" xmlns:xsi="http://www.w3.org/2001/XMLSchema-instance" xsi:noNamespaceSchemaLocation="treasure.xsd">
	<table id="MIN_POTIONS" name="Minor Potions and Oils">
		<entry weight="10" name="Cure light wounds (potion)">
			<equipment value="Potion (Cure Light Wounds)" />
		</entry>
		<entry weight="3" name="Endure elements (potion)">
			<equipment value="Potion (Endure Elements)" />
		</entry>
		<entry weight="2" name="Hide from animals (potion)">
			<equipment value="Potion (Hide from Animals)" />
		</entry>
		<entry weight="2" name="Hide from undead (potion)">
			<equipment value="Potion (Hide from Undead)" />
		</entry>
		<entry weight="2" name="Jump (potion)">
			<equipment value="Potion (Jump)" />
		</entry>
		<entry weight="3" name="Mage armor (potion)">
			<equipment value="Potion (Mage Armor)" />
		</entry>
		<entry weight="3" name="Magic fang (potion)">
			<equipment value="Potion (Magic Fang)" />
		</entry>
		<entry weight="1" name="Magic stone (oil)">
			<equipment value="Potion (Oil of Magic Stone)" />
		</entry>
		<entry weight="3" name="Magic weapon (oil)">
			<equipment value="Potion (Oil of Magic Weapon)" />
		</entry>
		<entry weight="1" name="Pass without trace (potion)">
			<equipment value="Potion (Pass without Trace)" />
		</entry>
		<entry weight="2" name="Protection from (alignment) (potion)">
			<equipment choose="Chaos|Evil|Good|Law" value="Potion (Protection from %CHOICE)" />
		</entry>
		<entry weight="2" name="Remove fear (potion)">
			<equipment value="Potion (Remove Fear)" />
		</entry>
		<entry weight="1" name="Sanctuary (potion)">
			<equipment value="Potion (Sanctuary)" />
		</entry>
		<entry weight="3" name="Shield of faith +2 (potion)">
			<equipment value="Potion (Shield of Faith +2)" />
		</entry>
		<entry weight="1" name="Shillelagh (oil)">
			<equipment value="Potion(Oil of Shillelagh)" />
		</entry>
		<entry weight="2" name="Bless weapon (oil)">
			<equipment value="Potion(Oil of Bless Weapon)" />
		</entry>
		<entry weight="3" name="Enlarge person (potion)">
			<equipment value="Potion (Enlarge Person)" />
		</entry>
		<entry weight="1" name="Reduce person (potion)">
			<equipment value="Potion (Reduce Person)" />
		</entry>
		<entry weight="2" name="Aid (potion)">
			<equipment value="Potion (Aid)" />
		</entry>
		<entry weight="3" name="Barkskin +2 (potion)">
			<equipment value="Potion (Barkskin +2)" />
		</entry>
		<entry weight="3" name="Bear's endurance (potion)">
			<equipment value="Potion (Bear's Endurance)" />
		</entry>
		<entry weight="3" name="Blur (potion)">
			<equipment value="Potion (Blur)" />
		</entry>
		<entry weight="3" name="Bull's strength (potion)">
			<equipment value="Potion (Bull's Strength)" />
		</entry>
		<entry weight="3" name="Cat's grace (potion)">
			<equipment value="Potion (Cat's Grace)" />
		</entry>
		<entry weight="5" name="Cure moderate wounds (potion)">
			<equipment value="Potion (Cure Moderate Wounds)" />
		</entry>
		<entry weight="1" name="Darkness (oil)">
			<equipment value="Potion (Oil of Darkness)" />
		</entry>
		<entry weight="3" name="Darkvision (potion)">
			<equipment value="Potion (Darkvision)" />
		</entry>
		<entry weight="3" name="Delay poison (potion)">
			<equipment value="Potion (Delay Poison)" />
		</entry>
		<entry weight="2" name="Eagle's splendor (potion)">
			<equipment value="Potion (Eagle's Splendor)" />
		</entry>
		<entry weight="2" name="Fox's cunning (potion)">
			<equipment value="Potion (Fox's Cunning)" />
		</entry>
		<entry weight="3" name="Invisibility (potion or oil)">
			<equipment link="PTN_INVISIBILITY" />
		</entry>
		<entry weight="3" name="Lesser restoration (potion)">
			<equipment value="Potion (Lesser Restoration)" />
		</entry>
		<entry weight="2" name="Levitate (potion or oil)">
			<equipment link="PTN_LEVITATE" />
		</entry>
		<entry weight="1" name="Misdirection (potion)">
			<equipment value="Potion (Misdirection)" />
		</entry>
		<entry weight="2" name="Owl's wisdom (potion)">
			<equipment value="Potion (Owl's Wisdom)" />
		</entry>
		<entry weight="2" name="Protection from arrows 10/magic (potion)">
			<equipment value="Potion (Protection from Arrows 10/magic)" />
		</entry>
		<entry weight="2" name="Remove paralysis (potion)">
			<equipment value="Potion (Remove Paralysis)" />
		</entry>
		<entry weight="3" name="Resist energy (type) 10 (potion)">
			<equipment choose="Acid|Cold|Eelectricity|Fire|Sonic" value="Potion (Resist Energy 10/%CHOICE)" />
		</entry>
		<entry weight="1" name="Shield of faith +3 (potion)">
			<equipment value="Potion (Shield of Faith +3)" />
		</entry>
		<entry weight="2" name="Spider climb (potion)">
			<equipment value="Potion (Spider Climb)" />
		</entry>
		<entry weight="1" name="Undetectable alignment (potion)">
			<equipment value="Potion (Undetectable Alignment)" />
		</entry>
	</table>
	<table id="MED_POTIONS" name="Medium Potions and Oils">
		<entry weight="2" name="Bless weapon (oil)">
			<equipment value="Potion(Oil of Bless Weapon)" />
		</entry>
		<entry weight="2" name="Enlarge person (potion)">
			<equipment value="Potion (Enlarge Person)" />
		</entry>
		<entry weight="1" name="Reduce person (potion)">
			<equipment value="Potion (Reduce Person)" />
		</entry>
		<entry weight="1" name="Aid (potion)">
			<equipment value="Potion (Aid)" />
		</entry>
		<entry weight="1" name="Barkskin +2 (potion)">
			<equipment value="Potion (Barkskin +2)" />
		</entry>
		<entry weight="3" name="Bear's endurance (potion)">
			<equipment value="Potion (Bear's Endurance)" />
		</entry>
		<entry weight="3" name="Blur (potion)">
			<equipment value="Potion (Blur)" />
		</entry>
		<entry weight="3" name="Bull's strength (potion)">
			<equipment value="Potion (Bull's Strength)" />
		</entry>
		<entry weight="3" name="Cat's grace (potion)">
			<equipment value="Potion (Cat's Grace)" />
		</entry>
		<entry weight="8" name="Cure moderate wounds (potion)">
			<equipment value="Potion (Cure Moderate Wounds)" />
		</entry>
		<entry weight="1" name="Darkness (oil)">
			<equipment value="Potion (Oil of Darkness)" />
		</entry>
		<entry weight="2" name="Darkvision (potion)">
			<equipment value="Potion (Darkvision)" />
		</entry>
		<entry weight="1" name="Delay poison (potion)">
			<equipment value="Potion (Delay Poison)" />
		</entry>
		<entry weight="2" name="Eagle's splendor (potion)">
			<equipment value="Potion (Eagle's Splendor)" />
		</entry>
		<entry weight="2" name="Fox's cunning (potion)">
			<equipment value="Potion (Fox's Cunning)" />
		</entry>
		<entry weight="2" name="Invisibility (potion or oil)">
			<equipment link="PTN_INVISIBILITY" />
		</entry>
		<entry weight="1" name="Lesser restoration (potion)">
			<equipment value="Potion (Lesser Restoration)" />
		</entry>
		<entry weight="1" name="Levitate (potion or oil)">
			<equipment link="PTN_LEVITATE" />
		</entry>
		<entry weight="1" name="Misdirection (potion)">
			<equipment value="Potion (Misdirection)" />
		</entry>
		<entry weight="2" name="Owl's wisdom (potion)">
			<equipment value="Potion (Owl's Wisdom)" />
		</entry>
		<entry weight="1" name="Protection from arrows 10/magic (potion)">
			<equipment value="Potion (Protection from Arrows 10/magic)" />
		</entry>
		<entry weight="1" name="Remove paralysis (potion)">
			<equipment value="Potion (Remove Paralysis)" />
		</entry>
		<entry weight="2" name="Resist energy (type) 10 (potion)">
			<equipment choose="Acid|Cold|Eelectricity|Fire|Sonic" value="Potion (Resist Energy 10/%CHOICE)" />
		</entry>
		<entry weight="2" name="Shield of faith +3 (potion)">
			<equipment value="Potion (Shield of Faith +3)" />
		</entry>
		<entry weight="1" name="Spider climb (potion)">
			<equipment value="Potion (Spider Climb)" />
		</entry>
		<entry weight="1" name="Undetectable alignment (potion)">
			<equipment value="Potion (Undetectable Alignment)" />
		</entry>
		<entry weight="1" name="Barkskin +3 (potion)">
			<equipment value="Potion (Barkskin +3)" />
		</entry>
		<entry weight="1" name="Shield of faith +4 (potion)">
			<equipment value="Potion (Shield of Faith +4)" />
		</entry>
		<entry weight="3" name="Resist energy (type) 20 (potion)">
			<equipment choose="Acid|Cold|Eelectricity|Fire|Sonic" value="Potion (Resist Energy 20/%CHOICE)" />
		</entry>
		<entry weight="5" name="Cure serious wounds (potion)">
			<equipment value="Potion (Cure Serious Wounds)" />
		</entry>
		<entry weight="1" name="Daylight (oil)">
			<equipment value="Potion (Oil of Daylight)" />
		</entry>
		<entry weight="3" name="Displacement (potion)">
			<equipment value="Potion (Displacement)" />
		</entry>
		<entry weight="1" name="Flame arrow (oil)">
			<equipment value="Potion (Oil of Flame Arrow)" />
		</entry>
		<entry weight="3" name="Fly (potion)">
			<equipment value="Potion (Fly)" />
		</entry>
		<entry weight="1" name="Gaseous form (potion)">
			<equipment value="Potion (Gaseous Form)" />
		</entry>
		<entry weight="2" name="Greater magic fang +1 (potion)">
			<equipment value="Potion (Greater Magic Fang +1)" />
		</entry>
		<entry weight="2" name="Greater magic weapon +1 (oil)">
			<equipment value="Potion (Oil of Greater Magic Weapon +1)" />
		</entry>
		<entry weight="2" name="Haste (potion)">
			<equipment value="Potion (Haste)" />
		</entry>
		<entry weight="3" name="Heroism (potion)">
			<equipment value="Potion (Heroism)" />
		</entry>
		<entry weight="2" name="Keen edge (oil)">
			<equipment value="Potion (Oil of Keen Edge)" />
		</entry>
		<entry weight="1" name="Magic circle against (alignment) (potion)">
			<equipment choose="Chaos|Evil|Good|Law" value="Potion (Magic Circle against %CHOICE)" />
		</entry>
		<entry weight="2" name="Magic vestment +1 (oil)">
			<equipment value="Potion (Oil of Magic Vestment +1)" />
		</entry>
		<entry weight="3" name="Neutralize poison (potion)">
			<equipment value="Potion (Neutralize Poison)" />
		</entry>
		<entry weight="2" name="Nondetection (potion)">
			<equipment value="Potion (Nondetection)" />
		</entry>
		<entry weight="3" name="Protection from energy (type) (potion)">
			<equipment choose="Acid|Cold|Electricity|Fire|Sonic" value="Potion (Protection from Energy/%CHOICE)" />
		</entry>
		<entry weight="2" name="Rage (potion)">
			<equipment value="Potion (Rage)" />
		</entry>
		<entry weight="1" name="Remove blindness/deafness (potion)">
			<equipment value="Potion (Remove Blindness/Deafness)" />
		</entry>
		<entry weight="1" name="Remove curse (potion)">
			<equipment value="Potion (Remove Curse)" />
		</entry>
		<entry weight="1" name="Remove disease (potion)">
			<equipment value="Potion (Remove Disease)" />
		</entry>
		<entry weight="1" name="Tongues (potion)">
			<equipment value="Potion (Tongues)" />
		</entry>
		<entry weight="2" name="Water breathing (potion)">
			<equipment value="Potion (Water Breathing)" />
		</entry>
		<entry weight="1" name="Water Walk (potion)">
			<equipment value="Potion (Water Walk)" />
		</entry>
	</table>
	<table id="MAJ_POTIONS" name="Major Potions and Oils">
		<entry weight="2" name="Blur (potion)">
			<equipment value="Potion (Blur)" />
		</entry>
		<entry weight="5" name="Cure moderate wounds (potion)">
			<equipment value="Potion (Cure Moderate Wounds)" />
		</entry>
		<entry weight="2" name="Darkvision (potion)">
			<equipment value="Potion (Darkvision)" />
		</entry>
		<entry weight="2" name="Invisibility (potion or oil)">
			<equipment link="PTN_INVISIBILITY" />
		</entry>
		<entry weight="1" name="Lesser restoration (potion)">
			<equipment value="Potion (Lesser Restoration)" />
		</entry>
		<entry weight="1" name="Remove paralysis (potion)">
			<equipment value="Potion (Remove Paralysis)" />
		</entry>
		<entry weight="1" name="Shield of faith +3 (potion)">
			<equipment value="Potion (Shield of Faith +3)" />
		</entry>
		<entry weight="1" name="Undetectable alignment (potion)">
			<equipment value="Potion (Undetectable Alignment)" />
		</entry>
		<entry weight="1" name="Barkskin +3 (potion)">
			<equipment value="Potion (Barkskin +3)" />
		</entry>
		<entry weight="2" name="Shield of faith +4 (potion)">
			<equipment value="Potion (Shield of Faith +4)" />
		</entry>
		<entry weight="2" name="Resist energy (type) 20 (potion)">
			<equipment choose="Acid|Cold|Eelectricity|Fire|Sonic" value="Potion (Resist Energy 20/%CHOICE)" />
		</entry>
		<entry weight="8" name="Cure serious wounds (potion)">
			<equipment value="Potion (Cure Serious Wounds)" />
		</entry>
		<entry weight="1" name="Daylight (oil)">
			<equipment value="Potion (Oil of Daylight)" />
		</entry>
		<entry weight="3" name="Displacement (potion)">
			<equipment value="Potion (Displacement)" />
		</entry>
		<entry weight="1" name="Flame arrow (oil)">
			<equipment value="Potion (Oil of Flame Arrow)" />
		</entry>
		<entry weight="5" name="Fly (potion)">
			<equipment value="Potion (Fly)" />
		</entry>
		<entry weight="1" name="Gaseous form (potion)">
			<equipment value="Potion (Gaseous Form)" />
		</entry>
		<entry weight="2" name="Haste (potion)">
			<equipment value="Potion (Haste)" />
		</entry>
		<entry weight="3" name="Heroism (potion)">
			<equipment value="Potion (Heroism)" />
		</entry>
		<entry weight="2" name="Keen edge (oil)">
			<equipment value="Potion (Oil of Keen Edge)" />
		</entry>
		<entry weight="1" name="Magic circle against (alignment) (potion)">
			<equipment choose="Chaos|Evil|Good|Law" value="Potion (Magic Circle against %CHOICE)" />
		</entry>
		<entry weight="3" name="Neutralize poison (potion)">
			<equipment value="Potion (Neutralize Poison)" />
		</entry>
		<entry weight="2" name="Nondetection (potion)">
			<equipment value="Potion (Nondetection)" />
		</entry>
		<entry weight="2" name="Protection from energy (type) (potion)">
			<equipment choose="Acid|Cold|Electricity|Fire|Sonic" value="Potion (Protection from Energy/%CHOICE)" />
		</entry>
		<entry weight="1" name="Rage (potion)">
			<equipment value="Potion (Rage)" />
		</entry>
		<entry weight="1" name="Remove blindness/deafness (potion)">
			<equipment value="Potion (Remove Blindness/Deafness)" />
		</entry>
		<entry weight="1" name="Remove curse (potion)">
			<equipment value="Potion (Remove Curse)" />
		</entry>
		<entry weight="1" name="Remove disease (potion)">
			<equipment value="Potion (Remove Disease)" />
		</entry>
		<entry weight="1" name="Tongues (potion)">
			<equipment value="Potion (Tongues)" />
		</entry>
		<entry weight="1" name="Water breathing (potion)">
			<equipment value="Potion (Water Breathing)" />
		</entry>
		<entry weight="1" name="Water Walk (potion)">
			<equipment value="Potion (Water Walk)" />
		</entry>
		<entry weight="2" name="Barkskin +4 (potion)">
			<equipment value="Potion (Barkskin +4)" />
		</entry>
		<entry weight="1" name="Shield of faith +5 (potion)">
			<equipment value="Potion (Shield of Faith +5)" />
		</entry>
		<entry weight="1" name="Good hope (potion)">
			<equipment value="Potion (Good Hope)" />
		</entry>
		<entry weight="3" name="Resist energy (type) 30 (potion)">
			<equipment choose="Acid|Cold|Eelectricity|Fire|Sonic" value="Potion (Resist Energy 30/%CHOICE)" />
		</entry>
		<entry weight="1" name="Barkskin +5 (potion)">
			<equipment value="Potion (Barkskin +5)" />
		</entry>
		<entry weight="4" name="Greater magic fang +2 (potion)">
			<equipment value="Potion (Greater Magic Fang +2)" />
		</entry>
		<entry weight="4" name="Greater magic weapon +2 (oil)">
			<equipment value="Potion (Oil of Greater Magic Weapon +2)" />
		</entry>
		<entry weight="4" name="Magic vestment +2 (oil)">
			<equipment value="Potion (Oil of Magic Vestment +2)" />
		</entry>
		<entry weight="1" name="Protection from arrows 15/magic (potion)">
			<equipment value="Potion (Protection from Arrows 15/Magic)" />
		</entry>
		<entry weight="3" name="Greater magic fang +3 (potion)">
			<equipment value="Potion (Greater Magic Fang +3)" />
		</entry>
		<entry weight="3" name="Greater magic weapon +3 (oil)">
			<equipment value="Potion (Oil of Greater Magic Weapon +3)" />
		</entry>
		<entry weight="3" name="Magic vestment +3 (oil)">
			<equipment value="Potion (Oil of Magic Vestment +3)" />
		</entry>
		<entry weight="2" name="Greater magic fang +4 (potion)">
			<equipment value="Potion (Greater Magic Fang +4)" />
		</entry>
		<entry weight="2" name="Greater magic weapon +4 (oil)">
			<equipment value="Potion (Oil of Greater Magic Weapon +4)" />
		</entry>
		<entry weight="2" name="Magic vestment +4 (oil)">
			<equipment value="Potion (Oil of Magic Vestment +4)" />
		</entry>
		<entry weight="1" name="Greater magic fang +5 (potion)">
			<equipment value="Potion (Greater Magic Fang +5)" />
		</entry>
		<entry weight="1" name="Greater magic weapon +5 (oil)">
			<equipment value="Potion (Oil of Greater Magic Weapon +5)" />
		</entry>
		<entry weight="1" name="Magic vestment +5 (oil)">
			<equipment value="Potion (Oil of Magic Vestment +5)" />
		</entry>
	</table>
	<table id="PTN_INVISIBILITY" name="Invisibility Potion Type">
		<entry weight="1" name="Potion">
			<equipment value="Potion (Invisibility)" />
		</entry>
		<entry weight="1" name="Oil">
			<equipment value="Potion (Oil of Invisibility)" />
		</entry>
	</table>
	<table id="PTN_LEVITATE" name="Levitate Potion Type">
		<entry weight="1" name="Potion">
			<equipment value="Potion (Levitate)" />
		</entry>
		<entry weight="1" name="Oil">
			<equipment value="Potion (Oil of Levitate)" />
		</entry>
	</table>
</equipment_tables>
