<?xml version="1.0" encoding="UTF-8"?>
<equipment_tables game_mode="35e" xmlns:xsi="http://www.w3.org/2001/XMLSchema-instance" xsi:noNamespaceSchemaLocation="treasure.xsd">
	<table id="MIN_WND_ITEMS" name="Minor Wondrous Items">
		<entry weight="1" name="Feather token, anchor">
			<equipment value="Feather Token (Anchor)" />
		</entry>
		<entry weight="1" name="Universal solvent">
			<equipment value="Universal Solvent" />
		</entry>
		<entry weight="1" name="Elixir of love">
			<equipment value="Elixir of Love" />
		</entry>
		<entry weight="1" name="Unguent of timelessness">
			<equipment value="Unguent of Timelessness" />
		</entry>
		<entry weight="1" name="Feather token, fan">
			<equipment value="Feather Token (Fan)" />
		</entry>
		<entry weight="1" name="Dust of tracelessness">
			<equipment value="Dust of Tracelessness" />
		</entry>
		<entry weight="1" name="Elixir of hiding">
			<equipment value="Elixir of Hiding" />
		</entry>
		<entry weight="1" name="Elixir of sneaking">
			<equipment value="Elixir of Sneaking" />
		</entry>
		<entry weight="1" name="Elixir of swimming">
			<equipment value="Elixir of Swimming" />
		</entry>
		<entry weight="1" name="Elixir of vision">
			<equipment value="Elixir of Vision" />
		</entry>
		<entry weight="1" name="Silversheen">
			<equipment value="Silversheen" />
		</entry>
		<entry weight="1" name="Feather token, bird">
			<equipment value="Feather Token (Bird)" />
		</entry>
		<entry weight="1" name="Feather token, tree">
			<equipment value="Feather Token (Tree)" />
		</entry>
		<entry weight="1" name="Feather token, swan boat">
			<equipment value="Feather Token (Swan Boat)" />
		</entry>
		<entry weight="1" name="Elixir of truth">
			<equipment value="Elixir of Truth" />
		</entry>
		<entry weight="1" name="Feather token, whip">
			<equipment value="Feather Token (Whip)" />
		</entry>
		<entry weight="1" name="Dust of dryness">
			<equipment value="Dust of Dryness" />
		</entry>
		<entry weight="1" name="Bag of tricks, gray">
			<equipment value="Bag of Tricks (Gray)" />
		</entry>
		<entry weight="1" name="Hand of the mage">
			<equipment value="Hand of the Mage" />
		</entry>
		<entry weight="1" name="Bracers of armor +1">
			<equipment value="Bracers of Armor +1" />
		</entry>
		<entry weight="1" name="Cloak of resistance +1">
			<equipment value="Cloak of Resistance +1" />
		</entry>
		<entry weight="1" name="Pearl of power, 1st-level spell">
			<equipment value="Pearl of Power (1st Level)" />
		</entry>
		<entry weight="1" name="Phylactery of faithfulness">
			<equipment value="Phylactery of Faithfulness" />
		</entry>
		<entry weight="1" name="Salve of slipperiness">
			<equipment value="Salve of Slipperiness" />
		</entry>
		<entry weight="1" name="Elixir of fire breath">
			<equipment value="Elixir of Fire Breath" />
		</entry>
		<entry weight="1" name="Pipes of the sewers">
			<equipment value="Pipes of the Sewers" />
		</entry>
		<entry weight="1" name="Dust of illusion">
			<equipment value="Dust of Illusion" />
		</entry>
		<entry weight="1" name="Goggles of minute seeing">
			<equipment value="Goggles of Minute Seeing" />
		</entry>
		<entry weight="1" name="Brooch of shielding">
			<equipment value="Brooch of Shielding" />
		</entry>
		<entry weight="1" name="Necklace of fireballs type I">
			<equipment value="Necklace of Fireballs I" />
		</entry>
		<entry weight="1" name="Dust of appearance">
			<equipment value="Dust of Appearance" />
		</entry>
		<entry weight="1" name="Hat of disguise">
			<equipment value="Hat of Disguise" />
		</entry>
		<entry weight="1" name="Pipes of sounding">
			<equipment value="Pipes of Sounding" />
		</entry>
		<entry weight="1" name="Efficient quiver">
			<equipment value="Efficient Quiver" />
		</entry>
		<entry weight="1" name="Amulet of natural armor +1">
			<equipment value="Amulet of Natural Armor +1" />
		</entry>
		<entry weight="1" name="Handy haversack">
			<equipment value="Handy Haversack" />
		</entry>
		<entry weight="1" name="Horn of fog">
			<equipment value="Horn of Fog" />
		</entry>
		<entry weight="1" name="Elemental gem">
			<equipment choose="Transparent|Light Brown|Reddish Orange|Blue-Green" value="Elemental Gem (%CHOICE)" />
		</entry>
		<entry weight="1" name="Robe of bones">
			<equipment value="Robe of Bones" />
		</entry>
		<entry weight="1" name="Sovereign glue">
			<equipment value="Sovereign Glue" />
		</entry>
		<entry weight="1" name="Bag of holding type I">
			<equipment value="Bag of Holding (Type 1)" />
		</entry>
		<entry weight="1" name="Boots of elvenkind">
			<equipment value="Boots of Elvenkind" />
		</entry>
		<entry weight="1" name="Boots of the Winterlands">
			<equipment value="Boots of the Winterlands" />
		</entry>
		<entry weight="1" name="Candle of truth">
			<equipment value="Candle of Truth" />
		</entry>
		<entry weight="1" name="Cloak of elvenkind">
			<equipment value="Cloak of Elvenkind" />
		</entry>
		<entry weight="1" name="Eyes of the eagle">
			<equipment value="Eyes of the Eagle" />
		</entry>
		<entry weight="1" name="Scarab, golembane">
			<equipment value="Scarab (Golembane)" />
		</entry>
		<entry weight="1" name="Necklace of fireballs type II">
			<equipment value="Necklace of Fireballs II" />
		</entry>
		<entry weight="1" name="Stone of alarm">
			<equipment value="Stone of Alarm" />
		</entry>
		<entry weight="1" name="Bag of tricks, rust">
			<equipment value="Bag of Tricks (Rust)" />
		</entry>
		<entry weight="1" name="Bead of force">
			<equipment value="Bead of Force" />
		</entry>
		<entry weight="1" name="Chime of opening">
			<equipment value="Chime of Opening" />
		</entry>
		<entry weight="1" name="Horseshoes of speed">
			<equipment value="Horseshoes of Speed" />
		</entry>
		<entry weight="1" name="Rope of climbing">
			<equipment value="Rope of Climbing" />
		</entry>
		<entry weight="1" name="Dust of disappearance">
			<equipment value="Dust of Disappearance" />
		</entry>
		<entry weight="1" name="Lens of detection">
			<equipment value="Lens of Detection" />
		</entry>
		<entry weight="1" name="Vestment, druid's">
			<equipment value="Vestments (Druid)" />
		</entry>
		<entry weight="1" name="Figurine of wondrous power, silver raven">
			<equipment value="Figurine of Wondrous Power (Silver Raven)" />
		</entry>
		<entry weight="1" name="Amulet of health +2">
			<equipment value="Amulet of Health +2" />
		</entry>
		<entry weight="1" name="Bracers of armor +2">
			<equipment value="Bracers of Armor +2" />
		</entry>
		<entry weight="1" name="Cloak of Charisma +2">
			<equipment value="Cloak of Charisma +2" />
		</entry>
		<entry weight="1" name="Cloak of resistance +2">
			<equipment value="Cloak of Resistance +2" />
		</entry>
		<entry weight="1" name="Gauntlets of ogre power">
			<equipment value="Gauntlets of Ogre Power" />
		</entry>
		<entry weight="1" name="Gloves of arrow snaring">
			<equipment value="Gloves of Arrow Snaring" />
		</entry>
		<entry weight="1" name="Gloves of Dexterity +2">
			<equipment value="Gloves of Dexterity +2" />
		</entry>
		<entry weight="1" name="Headband of intellect +2">
			<equipment value="Headband of Intellect +2" />
		</entry>
		<entry weight="1" name="Ioun stone, clear spindle">
			<equipment value="Ioun Stone (Clear)" />
		</entry>
		<entry weight="1" name="Restorative ointment">
			<equipment value="Restorative Ointment" />
		</entry>
		<entry weight="1" name="Marvelous pigments">
			<equipment value="Marvelous Pigments" />
		</entry>
		<entry weight="1" name="Pearl of power, 2nd-level spell">
			<equipment value="Pearl of Power (2nd Level)" />
		</entry>
		<entry weight="1" name="Periapt of Wisdom +2">
			<equipment value="Periapt of Wisdom +2" />
		</entry>
		<entry weight="1" name="Stone salve">
			<equipment value="Stone Salve" />
		</entry>
		<entry weight="1" name="Necklace of fireballs type III">
			<equipment value="Necklace of Fireballs III" />
		</entry>
		<entry weight="1" name="Circlet of persuasion">
			<equipment value="Circlet of Persuasion" />
		</entry>
		<entry weight="1" name="Slippers of spider climbing">
			<equipment value="Slippers of Spider Climbing" />
		</entry>
		<entry weight="1" name="Incense of meditation">
			<equipment value="Incense of Meditation" />
		</entry>
		<entry weight="1" name="Bag of holding type II">
			<equipment value="Bag of Holding (Type 2)" />
		</entry>
		<entry weight="1" name="Bracers of archery, lesser">
			<equipment value="Bracers of Archery (Lesser)" />
		</entry>
		<entry weight="1" name="Ioun stone, dusty rose prism">
			<equipment value="Ioun Stone (Dusty Rose)" />
		</entry>
		<entry weight="1" name="Helm of comprehend languages and read magic">
			<equipment value="Helm of Comprehending Languages and Reading Magic" />
		</entry>
		<entry weight="1" name="Vest of escape">
			<equipment value="Vest of Escape" />
		</entry>
		<entry weight="1" name="Eversmoking bottle">
			<equipment value="Eversmoking Bottle" />
		</entry>
		<entry weight="1" name="Sustaining spoon">
			<equipment value="Sustaining Spoon" />
		</entry>
		<entry weight="1" name="Necklace of Fireballs type IV">
			<equipment value="Necklace of Fireballs IV" />
		</entry>
		<entry weight="1" name="Boots of striding and springing">
			<equipment value="Boots of Striding and Springing" />
		</entry>
		<entry weight="1" name="Wind fan">
			<equipment value="Wind Fan" />
		</entry>
		<entry weight="1" name="Amulet of mighty fists +1">
			<equipment value="Amulet of Mighty Fists +1" />
		</entry>
		<entry weight="1" name="Horseshoes of a zephyr">
			<equipment value="Horseshoes of a Zephyr" />
		</entry>
		<entry weight="1" name="Pipes of haunting">
			<equipment value="Pipes of Haunting" />
		</entry>
		<entry weight="1" name="Necklace of fireballs type V">
			<equipment value="Necklace of Fireballs V" />
		</entry>
		<entry weight="1" name="Gloves of swimming and climbing">
			<equipment value="Gloves of Swimming/Climbing" />
		</entry>
		<entry weight="1" name="Bag of tricks, tan">
			<equipment value="Bag of Tricks (Tan)" />
		</entry>
		<entry weight="1" name="Circlet of blasting, minor">
			<equipment value="Circlet of Blasting (Minor)" />
		</entry>
		<entry weight="1" name="Horn of goodness/evil">
			<equipment value="Horn of Goodness/Evil" />
		</entry>
		<entry weight="1" name="Robe of useful items">
			<equipment value="Robe of Useful Items" />
		</entry>
		<entry weight="1" name="Boat, folding">
			<equipment value="Boat (Folding)" />
		</entry>
		<entry weight="1" name="Bottle of air">
			<equipment value="Bottle of Air" />
		</entry>
		<entry weight="1" name="Bag of holding type III">
			<equipment value="Bag of Holding (Type 3)" />
		</entry>
		<entry weight="1" name="Periapt of health">
			<equipment value="Periapt of Health" />
		</entry>
	</table>
	<table id="MED_WND_ITEMS" name="Medium Wondrous Items">
		<entry weight="1" name="Boots of levitation">
			<equipment value="Boots of Levitation" />
		</entry>
		<entry weight="1" name="Harp of charming">
			<equipment value="Harp of Charming" />
		</entry>
		<entry weight="1" name="Amulet of natural armor +2">
			<equipment value="Amulet of Natural Armor +2" />
		</entry>
		<entry weight="1" name="Golem manual, flesh">
			<equipment value="Golem Manual (Flesh)" />
		</entry>
		<entry weight="1" name="Hand of glory">
			<equipment value="Hand of Glory" />
		</entry>
		<entry weight="1" name="Ioun stone, deep red sphere">
			<equipment value="Ioun Stone (Deep Red)" />
		</entry>
		<entry weight="1" name="Ioun stone, incandescent blue sphere">
			<equipment value="Ioun Stone (Incandescent Blue)" />
		</entry>
		<entry weight="1" name="Ioun stone, pale blue rhomboid">
			<equipment value="Ioun Stone (Pale Blue)" />
		</entry>
		<entry weight="1" name="Ioun stone, pink and green sphere">
			<equipment value="Ioun Stone (Pink and Green)" />
		</entry>
		<entry weight="1" name="Ioun stone, pink rhomboid">
			<equipment value="Ioun Stone (Pink)" />
		</entry>
		<entry weight="1" name="Ioun stone, scarlet and blue sphere">
			<equipment value="Ioun Stone (Scarlet and Blue)" />
		</entry>
		<entry weight="1" name="Deck of illusions">
			<equipment value="Deck of Illusions" />
		</entry>
		<entry weight="1" name="Necklace of fireballs type VI">
			<equipment value="Necklace of Fireballs VI" />
		</entry>
		<entry weight="1" name="Candle of invocation">
			<equipment value="Candle of Invocation" />
		</entry>
		<entry weight="1" name="Bracers of armor +3">
			<equipment value="Bracers of Armor +3" />
		</entry>
		<entry weight="1" name="Cloak of resistance +3">
			<equipment value="Cloak of Resistance +3" />
		</entry>
		<entry weight="1" name="Decanter of endless water">
			<equipment value="Decanter of Endless Water" />
		</entry>
		<entry weight="1" name="Necklace of adaptation">
			<equipment value="Necklace of Adaptation" />
		</entry>
		<entry weight="1" name="Pearl of power, 3rd-level spell">
			<equipment value="Pearl of Power (3rd Level)" />
		</entry>
		<entry weight="1" name="Talisman of the sphere">
			<!-- No description of this item is given in the SRD
			<equipment value="Talisman of the Sphere" />
			-->
			<equipment link="MED_WND_ITEMS" />
		</entry>
		<entry weight="1" name="Figurine of wondrous power, serpentine owl">
			<equipment value="Figurine of Wondrous Power (Serpentine Owl)" />
		</entry>
		<entry weight="1" name="Necklace of fireballs type VII">
			<equipment value="Necklace of Fireballs VII" />
		</entry>
		<entry weight="1" name="Strand of prayer beads, lesser">
			<equipment value="Strand of Prayer Beads (Lesser)" />
		</entry>
		<entry weight="1" name="Bag of holding type IV">
			<equipment value="Bag of Holding (Type 4)" />
		</entry>
		<entry weight="1" name="Figurine of wondrous power, bronze griffon">
			<equipment value="Figurine of Wondrous Power (Bronze Griffon)" />
		</entry>
		<entry weight="1" name="Figurine of wondrous power, ebony fly">
			<equipment value="Figurine of Wondrous Power (Ebony Fly)" />
		</entry>
		<entry weight="1" name="Glove of storing">
			<equipment value="Glove of Storing" />
		</entry>
		<entry weight="1" name="Ioun stone, dark blue rhomboid">
			<equipment value="Ioun Stone (Dark Blue)" />
		</entry>
		<entry weight="1" name="Stone horse, courser">
			<equipment value="Stone Horse (Courser)" />
		</entry>
		<entry weight="1" name="Cape of the mountebank">
			<equipment value="Cape of the Mountebank" />
		</entry>
		<entry weight="1" name="Phylactery of undead turning">
			<equipment value="Phylactery of Undead Turning" />
		</entry>
		<entry weight="1" name="Gauntlet of rust">
			<equipment value="Gauntlet of Rust" />
		</entry>
		<entry weight="1" name="Boots of speed">
			<equipment value="Boots of Speed" />
		</entry>
		<entry weight="1" name="Goggles of night">
			<equipment value="Goggles of Night" />
		</entry>
		<entry weight="1" name="Golem manual, clay">
			<equipment value="Golem Manual (Clay)" />
		</entry>
		<entry weight="1" name="Medallion of thoughts">
			<equipment value="Medallion of Thoughts" />
		</entry>
		<entry weight="1" name="Pipes of pain">
			<equipment value="Pipes of Pain" />
		</entry>
		<entry weight="1" name="Blessed book">
			<equipment value="Blessed Book" />
		</entry>
		<entry weight="1" name="Belt, monk's">
			<equipment value="Belt (Monk's)" />
		</entry>
		<entry weight="1" name="Gem of brightness">
			<equipment value="Gem of Brightness" />
		</entry>
		<entry weight="1" name="Lyre of building">
			<equipment value="Lyre of Building" />
		</entry>
		<entry weight="1" name="Cloak of arachnida">
			<equipment value="Cloak of Arachnida" />
		</entry>
		<entry weight="1" name="Stone horse, destrier">
			<equipment value="Stone Horse (Destrier)" />
		</entry>
		<entry weight="1" name="Belt of dwarvenkind">
			<equipment value="Belt of Dwarvenkind" />
		</entry>
		<entry weight="1" name="Periapt of wound closure">
			<equipment value="Periapt of Wound Closure" />
		</entry>
		<entry weight="1" name="Horn of the tritons">
			<equipment value="Horn of the Tritons" />
		</entry>
		<entry weight="1" name="Pearl of the sirines">
			<equipment value="Pearl of the Sirines" />
		</entry>
		<entry weight="1" name="Figurine of wondrous power, onyx dog">
			<equipment value="Figurine of Wondrous Power (Onyx Dog)" />
		</entry>
		<entry weight="1" name="Amulet of health +4">
			<equipment value="Amulet of Health +4" />
		</entry>
		<entry weight="1" name="Belt of giant Strength +4">
			<equipment value="Belt of Giant Strength +4" />
		</entry>
		<entry weight="1" name="Boots, winged">
			<equipment value="Boots (Winged)" />
		</entry>
		<entry weight="1" name="Bracers of armor +4">
			<equipment value="Bracers of Armor +4" />
		</entry>
		<entry weight="1" name="Cloak of Charisma +4">
			<equipment value="Cloak of Charisma +4" />
		</entry>
		<entry weight="1" name="Cloak of resistance +4">
			<equipment value="Cloak of Resistance +4" />
		</entry>
		<entry weight="1" name="Gloves of Dexterity +4">
			<equipment value="Gloves of Dexterity +4" />
		</entry>
		<entry weight="1" name="Headband of intellect +4">
			<equipment value="Headband of Intellect +4" />
		</entry>
		<entry weight="1" name="Pearl of power, 4th-level spell">
			<equipment value="Pearl of Power (4th Level)" />
		</entry>
		<entry weight="1" name="Periapt of Wisdom +4">
			<equipment value="Periapt of Wisdom +4" />
		</entry>
		<entry weight="1" name="Scabbard of keen edges">
			<equipment value="Scabbard of Keen Edges" />
		</entry>
		<entry weight="1" name="Figurine of wondrous power, golden lions">
			<equipment value="Figurine of Wondrous Power (Golden Lions)" />
		</entry>
		<entry weight="1" name="Chime of interruption">
			<equipment value="Chime of Interruption" />
		</entry>
		<entry weight="1" name="Broom of flying">
			<equipment value="Broom of Flying" />
		</entry>
		<entry weight="1" name="Figurine of wondrous power, marble elephant">
			<equipment value="Figurine of Wondrous Power (Marble Elephant)" />
		</entry>
		<entry weight="1" name="Amulet of natural armor +3">
			<equipment value="Amulet of Natural Armor +3" />
		</entry>
		<entry weight="1" name="Ioun stone, iridescent spindle">
			<equipment value="Ioun Stone (Iridescent)" />
		</entry>
		<entry weight="1" name="Bracelet of friends">
			<equipment value="Bracelet of Friends" />
		</entry>
		<entry weight="1" name="Carpet of flying, 5 ft. by 5 ft.">
			<equipment value="Carpet of Flying (5x5)" />
		</entry>
		<entry weight="1" name="Horn of blasting">
			<equipment value="Horn of Blasting" />
		</entry>
		<entry weight="1" name="Ioun stone, pale lavender ellipsoid">
			<equipment value="Ioun Stone (Pale Lavender)" />
		</entry>
		<entry weight="1" name="Ioun stone, pearly white spindle">
			<equipment value="Ioun Stone (Pearly White)" />
		</entry>
		<entry weight="1" name="Portable hole">
			<equipment value="Portable Hole" />
		</entry>
		<entry weight="1" name="Stone of good luck (luckstone)">
			<equipment value="Stone of Good Luck (Luckstone)" />
		</entry>
		<entry weight="1" name="Figurine of wondrous power, ivory goats">
			<equipment value="Figurine of Wondrous Power (Ivory Goats)" />
		</entry>
		<entry weight="1" name="Rope of entanglement">
			<equipment value="Rope of Entanglement" />
		</entry>
		<entry weight="1" name="Golem manual, stone">
			<equipment value="Golem Manual (Stone)" />
		</entry>
		<entry weight="1" name="Mask of the skull">
			<equipment value="Mask of the Skull" />
		</entry>
		<entry weight="1" name="Mattock of the titans">
			<equipment value="Mattock of the Titans" />
		</entry>
		<entry weight="1" name="Circlet of blasting, major">
			<equipment value="Circlet of Blasting (Major)" />
		</entry>
		<entry weight="1" name="Amulet of mighty fists +2">
			<equipment value="Amulet of Mighty Fists +2" />
		</entry>
		<entry weight="1" name="Cloak of displacement, minor">
			<equipment value="Cloak of Displacement (Minor)" />
		</entry>
		<entry weight="1" name="Helm of underwater action">
			<equipment value="Helm of Underwater Action" />
		</entry>
		<entry weight="1" name="Bracers of archery, greater">
			<equipment value="Bracers of Archery (Greater)" />
		</entry>
		<entry weight="1" name="Bracers of armor +5">
			<equipment value="Bracers of Armor +5" />
		</entry>
		<entry weight="1" name="Cloak of resistance +5">
			<equipment value="Cloak of Resistance +5" />
		</entry>
		<entry weight="1" name="Eyes of doom">
			<equipment value="Eyes of Doom" />
		</entry>
		<entry weight="1" name="Pearl of power, 5th-level spell">
			<equipment value="Pearl of Power (5th Level)" />
		</entry>
		<entry weight="1" name="Maul of the titans">
			<equipment value="Maul of the Titans" />
		</entry>
		<entry weight="1" name="Strand of prayer beads">
			<equipment value="Strand of Prayer Beads" />
		</entry>
		<entry weight="1" name="Cloak of the bat">
			<equipment value="Cloak of the Bat" />
		</entry>
		<entry weight="1" name="Iron bands of binding">
			<equipment value="Iron Bands of Binding" />
		</entry>
		<entry weight="1" name="Cube of frost resistance">
			<equipment value="Cube of Frost Resistance" />
		</entry>
		<entry weight="1" name="Helm of telepathy">
			<equipment value="Helm of Telepathy" />
		</entry>
		<entry weight="1" name="Periapt of proof against poison">
			<equipment value="Periapt of Proof against Poison" />
		</entry>
		<entry weight="1" name="Robe of scintillating colors">
			<equipment value="Robe of Scintillating Colors" />
		</entry>
		<entry weight="1" name="Manual of bodily health +1">
			<equipment value="Manual of Bodily Health +1" />
		</entry>
		<entry weight="1" name="Manual of gainful exercise +1">
			<equipment value="Manual of Gainful Exercise +1" />
		</entry>
		<entry weight="1" name="Manual of quickness in action +1">
			<equipment value="Manual of Quickness of Action +1" />
		</entry>
		<entry weight="1" name="Tome of clear thought +1">
			<equipment value="Tome of Clear Thought +1" />
		</entry>
		<entry weight="1" name="Tome of leadership and influence +1">
			<equipment value="Tome of Leadership and Influence +1" />
		</entry>
		<entry weight="1" name="Tome of understanding +1">
			<equipment value="Tome of Understanding +1" />
		</entry>
	</table>
	<table id="MAJ_WND_ITEMS" name="Major Wondrous Items">
		<entry weight="1" name="Dimensional shackles">
			<equipment value="Dimensional Shackles" />
		</entry>
		<entry weight="1" name="Figurine of wondrous power, obsidian steed">
			<equipment value="Figurine of Wondrous Power (Obsidian Steed)" />
		</entry>
		<entry weight="1" name="Drums of panic">
			<equipment value="Drums of Panic" />
		</entry>
		<entry weight="1" name="Ioun stone, orange">
			<equipment value="Ioun Stone (Orange)" />
		</entry>
		<entry weight="1" name="Ioun stone, pale green prism">
			<equipment value="Ioun Stone (Pale Green)" />
		</entry>
		<entry weight="1" name="Lantern of revealing">
			<equipment value="Lantern of Revealing" />
		</entry>
		<entry weight="1" name="Robe of blending">
			<equipment value="Robe of Blending" />
		</entry>
		<entry weight="1" name="Amulet of natural armor +4">
			<equipment value="Amulet of Natural Armor +4" />
		</entry>
		<entry weight="1" name="Amulet of proof against detection and location">
			<equipment value="Amulet of Proof against Detection and Location" />
		</entry>
		<entry weight="1" name="Carpet of flying, 5 ft. by 10 ft.">
			<equipment value="Carpet of Flying (5x10)" />
		</entry>
		<entry weight="1" name="Golem manual, iron">
			<equipment value="Golem Manual (Iron)" />
		</entry>
		<entry weight="1" name="Amulet of health +6">
			<equipment value="Amulet of Health +6" />
		</entry>
		<entry weight="1" name="Belt of giant Strength +6">
			<equipment value="Belt of Giant Strength +6" />
		</entry>
		<entry weight="1" name="Bracers of armor +6">
			<equipment value="Bracers of Armor +6" />
		</entry>
		<entry weight="1" name="Cloak of Charisma +6">
			<equipment value="Cloak of Charisma +6" />
		</entry>
		<entry weight="1" name="Gloves of Dexterity +6">
			<equipment value="Gloves of Dexterity +6" />
		</entry>
		<entry weight="1" name="Headband of intellect +6">
			<equipment value="Headband of Intellect +6" />
		</entry>
		<entry weight="1" name="Ioun stone, vibrant purple prism">
			<equipment value="Ioun Stone (Vibrant Purple)" />
		</entry>
		<entry weight="1" name="Pearl of power, 6th-level spell">
			<equipment value="Pearl of Power (6th Level)" />
		</entry>
		<entry weight="1" name="Periapt of Wisdom +6">
			<equipment value="Periapt of Wisdom +6" />
		</entry>
		<entry weight="1" name="Scarab of protection">
			<equipment value="Scarab of Protection" />
		</entry>
		<entry weight="1" name="Ioun stone, lavender and green ellipsoid">
			<equipment value="Ioun Stone (Lavender and Green)" />
		</entry>
		<entry weight="1" name="Ring gates">
			<equipment value="Ring Gates" />
		</entry>
		<entry weight="1" name="Crystal ball">
			<equipment value="Crystal Ball" />
		</entry>
		<entry weight="1" name="Golem manual, greater stone">
			<equipment value="Golem Manual (Greater Stone)" />
		</entry>
		<entry weight="1" name="Orb of storms">
			<equipment value="Orb of Storms" />
		</entry>
		<entry weight="1" name="Boots of teleportation">
			<equipment value="Boots of Teleportation" />
		</entry>
		<entry weight="1" name="Bracers of armor +7">
			<equipment value="Bracers of Armor +7" />
		</entry>
		<entry weight="1" name="Pearl of power, 7th-level spell">
			<equipment value="Pearl of Power (7th Level)" />
		</entry>
		<entry weight="1" name="Amulet of natural armor +5">
			<equipment value="Amulet of Natural Armor +5" />
		</entry>
		<entry weight="1" name="Cloak of displacement, major">
			<equipment value="Cloak of Displacement (Major)" />
		</entry>
		<entry weight="1" name="Crystal ball with see invisibility">
			<equipment value="Crystal Ball (See Invisibility)" />
		</entry>
		<entry weight="1" name="Carpet of flying, 6 ft. by 9 ft.">
			<!-- Missing from RSRD -->
			<equipment value="Carpet of Flying (6x9)" />
		</entry>
		<entry weight="1" name="Amulet of mighty fists +3">
			<equipment value="Amulet of Mighty Fists +3" />
		</entry>
		<entry weight="1" name="Wings of flying">
			<equipment value="Wings of Flying" />
		</entry>
		<entry weight="1" name="Cloak of etherealness">
			<equipment value="Cloak of Etherealness" />
		</entry>
		<entry weight="1" name="Instant fortress">
			<equipment value="Instant Fortress" />
		</entry>
		<entry weight="1" name="Manual of bodily health +2">
			<equipment value="Manual of Bodily Health +2" />
		</entry>
		<entry weight="1" name="Manual of gainful exercise +2">
			<equipment value="Manual of Gainful Exercise +2" />
		</entry>
		<entry weight="1" name="Manual of quickness in action +2">
			<equipment value="Manual of Quickness of Action +2" />
		</entry>
		<entry weight="1" name="Tome of clear thought +2">
			<equipment value="Tome of Clear Thought +2" />
		</entry>
		<entry weight="1" name="Tome of leadership and influence +2">
			<equipment value="Tome of Leadership and Influence +2" />
		</entry>
		<entry weight="1" name="Tome of understanding +2">
			<equipment value="Tome of Understanding +2" />
		</entry>
		<entry weight="1" name="Eyes of charming">
			<equipment value="Eyes of Charming" />
		</entry>
		<entry weight="1" name="Robe of stars">
			<equipment value="Robe of Stars" />
		</entry>
		<entry weight="1" name="Carpet of flying, 10 ft. by 10 ft.">
			<equipment value="Carpet of Flying (10x10)" />
		</entry>
		<entry weight="1" name="Darkskull">
			<equipment value="Darkskull" />
		</entry>
		<entry weight="1" name="Cube of force">
			<equipment value="Cube of Force" />
		</entry>
		<entry weight="1" name="Bracers of armor +8">
			<equipment value="Bracers of Armor +8" />
		</entry>
		<entry weight="1" name="Pearl of Power, 8th-level spell">
			<equipment value="Pearl of Power (8th Level)" />
		</entry>
		<entry weight="1" name="Crystal ball with telepathy">
			<equipment value="Crystal Ball (Telepathy)" />
		</entry>
		<entry weight="1" name="Horn of blasting, greater">
			<equipment value="Horn of Blasting (Greater)" />
		</entry>
		<entry weight="1" name="Pearl of power, two spells">
			<equipment value="Pearl of Power (2 Spells)" />
		</entry>
		<entry weight="1" name="Helm of teleportation">
			<equipment value="Helm of Teleportation" />
		</entry>
		<entry weight="1" name="Gem of seeing">
			<equipment value="Gem of Seeing" />
		</entry>
		<entry weight="1" name="Robe of the archmagi">
			<equipment link="ROBE_ARCHMAGI" />
		</entry>
		<entry weight="1" name="Mantle of faith">
			<equipment value="Mantle of Faith" />
		</entry>
		<entry weight="1" name="Crystal ball with true seeing">
			<equipment value="Crystal Ball (True Seeing)" />
		</entry>
		<entry weight="1" name="Pearl of power, 9th-level spell">
			<equipment value="Pearl of Power (9th Level)" />
		</entry>
		<entry weight="1" name="Well of many worlds">
			<equipment value="Well of Many Worlds" />
		</entry>
		<entry weight="1" name="Manual of bodily health +3">
			<equipment value="Manual of Bodily Health +3" />
		</entry>
		<entry weight="1" name="Manual of gainful exercise +3">
			<equipment value="Manual of Gainful Exercise +3" />
		</entry>
		<entry weight="1" name="Manual of quickness in action +3">
			<equipment value="Manual of Quickness of Action +3" />
		</entry>
		<entry weight="1" name="Tome of clear thought +3">
			<equipment value="Tome of Clear Thought +3" />
		</entry>
		<entry weight="1" name="Tome of leadership and influence +3">
			<equipment value="Tome of Leadership and Influence +3" />
		</entry>
		<entry weight="1" name="Tome of understanding +3">
			<equipment value="Tome of Understanding +3" />
		</entry>
		<entry weight="1" name="Apparatus of the crab">
			<equipment value="Apparatus of the Crab" />
		</entry>
		<entry weight="1" name="Mantle of spell resistance">
			<equipment value="Mantle of Spell Resistance" />
		</entry>
		<entry weight="1" name="Mirror of opposition">
			<equipment value="Mirror of Opposition" />
		</entry>
		<entry weight="1" name="Strand of prayer beads, greater">
			<equipment value="Strand of Prayer Beads (Greater)" />
		</entry>
		<entry weight="1" name="Amulet of mighty fists +4">
			<equipment value="Amulet of Mighty Fists +4" />
		</entry>
		<entry weight="1" name="Eyes of petrification">
			<equipment value="Eyes of Petrification" />
		</entry>
		<entry weight="1" name="Bowl of commanding water elementals">
			<equipment value="Bowl of Commanding Water Elementals" />
		</entry>
		<entry weight="1" name="Brazier of commanding fire elementals">
			<equipment value="Brazier of Commanding Fire Elementals" />
		</entry>
		<entry weight="1" name="Censer of controlling air elementals">
			<equipment value="Censer of Controlling Air Elementals" />
		</entry>
		<entry weight="1" name="Stone of controlling earth elementals">
			<equipment value="Stone of Controlling Earth Elementals" />
		</entry>
		<entry weight="1" name="Manual of bodily health +4">
			<equipment value="Manual of Bodily Health +4" />
		</entry>
		<entry weight="1" name="Manual of gainful exercise +4">
			<equipment value="Manual of Gainful Exercise +4" />
		</entry>
		<entry weight="1" name="Manual of quickness in action +4">
			<equipment value="Manual of Quickness of Action +4" />
		</entry>
		<entry weight="1" name="Tome of clear thought +4">
			<equipment value="Tome of Clear Thought +4" />
		</entry>
		<entry weight="1" name="Tome of leadership and influence +4">
			<equipment value="Tome of Leadership and Influence +4" />
		</entry>
		<entry weight="1" name="Tome of understanding +4">
			<equipment value="Tome of Understanding +4" />
		</entry>
		<entry weight="1" name="Amulet of the planes">
			<equipment value="Amulet of the Planes" />
		</entry>
		<entry weight="1" name="Robe of eyes">
			<equipment value="Robe of Eyes" />
		</entry>
		<entry weight="1" name="Helm of brilliance">
			<equipment value="Helm of Brilliance" />
		</entry>
		<entry weight="1" name="Manual of bodily health +5">
			<equipment value="Manual of Bodily Health +5" />
		</entry>
		<entry weight="1" name="Manual of gainful exercise +5">
			<equipment value="Manual of Gainful Exercise +5" />
		</entry>
		<entry weight="1" name="Manual of quickness in action +5">
			<equipment value="Manual of Quickness of Action +5" />
		</entry>
		<entry weight="1" name="Tome of clear thought +5">
			<equipment value="Tome of Clear Thought +5" />
		</entry>
		<entry weight="1" name="Tome of leadership and influence +5">
			<equipment value="Tome of Leadership and Influence +5" />
		</entry>
		<entry weight="1" name="Tome of understanding +5">
			<equipment value="Tome of Understanding +5" />
		</entry>
		<entry weight="1" name="Efreeti bottle">
			<equipment value="Efreeti Bottle" />
		</entry>
		<entry weight="1" name="Amulet of mighty fists +5">
			<equipment value="Amulet of Mighty Fists +5" />
		</entry>
		<entry weight="1" name="Chaos diamond">
			<equipment value="Chaos Diamond" />
		</entry>
		<entry weight="1" name="Cubic gate">
			<equipment value="Cubic Gate" />
		</entry>
		<entry weight="1" name="Iron flask">
			<equipment value="Iron Flask" />
		</entry>
		<entry weight="1" name="Mirror of mental prowess">
			<equipment value="Mirror of Mental Prowess" />
		</entry>
		<entry weight="1" name="Mirror of life trapping">
			<equipment value="Mirror of Life Trapping" />
		</entry>
	</table>
	<table id="ROBE_ARCHMAGI" name="Robe of Archmagi Color">
		<entry weight="45" name="White">
			<equipment value="Robe of the Archmagi (White)" />
		</entry>
		<entry weight="30" name="Gray">
			<equipment value="Robe of the Archmagi (Gray)" />
		</entry>
		<entry weight="25" name="Black">
			<equipment value="Robe of the Archmagi (Black)" />
		</entry>
	</table>
</equipment_tables>
