<?xml version="1.0" encoding="iso-8859-1"?>
<!DOCTYPE character PUBLIC "-//rpgprofiler.net//DTD 3EProfiler 1.0//EN"
  "http://www.rpgprofiler.net/2003/3EProfiler.dtd">
<character xmlns="http://www.rpgprofiler.net/2003/3EProfiler">
  <source>PCGen |EXPORT.VERSION|</source>
  <cname>|NAME|</cname>
  <template>d20Modern</template>
  <data>
    <node name="firstload">false</node>
    <node name="PicURL">|PORTRAIT|</node>
    <node name="LastSaveDate">|EXPORT.DATE|</node>
    <node name="Name">|NAME|</node>
    <node name="Player">|PLAYERNAME|</node>
    <node name="Experience">|EXP.CURRENT|</node>
    <node name="Class">|MANUALWHITESPACE||FOR.0,1,1,\CLASS.%\ \CLASS.%.LEVEL\,,,||FOR.1,COUNT[CLASSES],1, \CLASS.%\ \CLASS.%.LEVEL\,/,,||ENDMANUALWHITESPACE|</node>
    <node name="CharacterLevel">|VAR.TL.INTVAL|</node>
    <node name="Occupation">|FEATALL.HIDDEN.Occupation.0|</node>
    <node name="Race">|RACE|</node>
    <node name="Size">|SIZELONG|</node>
    <node name="Age">|AGE|</node>
    <node name="Gender">|GENDER|</node>
    <node name="Height">|HEIGHT|</node>
    <node name="Weight">|WEIGHT|</node>
    <node name="Eyes">|COLOR.EYE|</node>
    <node name="Hair">|COLOR.HAIR|</node>
    <node name="Skin">|COLOR.SKIN|</node>
    <node name="Str">|STAT.0|</node>
    <node name="StrMod">|STAT.0.MOD|</node>
    <node name="Dex">|STAT.1|</node>
    <node name="DexMod">|STAT.1.MOD|</node>
    <node name="Con">|STAT.2|</node>
    <node name="ConMod">|STAT.2.MOD|</node>
    <node name="Int">|STAT.3|</node>
    <node name="IntMod">|STAT.3.MOD|</node>
    <node name="Wis">|STAT.4|</node>
    <node name="WisMod">|STAT.4.MOD|</node>
    <node name="Cha">|STAT.5|</node>
    <node name="ChaMod">|STAT.5.MOD|</node>
    <node name="HP">|HP|</node>
    <node name="DamageRed">|DR|</node>
    <node name="Defense">|AC.Total|</node>
    <node name="DefenseClass">|AC.ClassDefense|</node>
    <node name="DefenseEquipment">|AC.Equipment|</node>
    <node name="DefenseDexterity">|AC.Ability|</node>
    <node name="DefenseSize">|AC.Size|</node>
    <node name="DefenseMisc">|AC.Misc|</node>
    <node name="Init">|INITIATIVEMOD|</node>
    <node name="InitDex">|STAT.1.MOD|</node>
    <node name="InitMisc">|INITIATIVEBONUS|</node>
    <node name="BaseAttack">|ATTACK.MELEE|</node>
    <node name="Speed">|MOVEMENT|</node>
    <node name="Reputation">|VAR.REPUTATION.INTVAL|</node>
    <node name="ActionPoints">|VAR.ACTIONREMAIN.INTVAL|</node>
    <node name="WealthBonus">|VAR.WEALTH.INTVAL|</node>
    <node name="MeleeAttack">|ATTACK.MELEE.TOTAL|</node>
    <node name="MeleeBase">|ATTACK.MELEE|</node>
    <node name="MeleeStrength">|ATTACK.MELEE.STAT|</node>
    <node name="MeleeSize">|ATTACK.MELEE.SIZE|</node>
    <node name="MeleeMisc">|ATTACK.MELEE.MISC+ATTACK.MELEE.EPIC.INTVAL.SIGN|</node>
    <node name="RangedAttack">|ATTACK.RANGED.TOTAL|</node>
    <node name="RangedBase">|ATTACK.RANGED|</node>
    <node name="RangedDexterity">|ATTACK.RANGED.STAT|</node>
    <node name="RangedSize">|ATTACK.RANGED.SIZE|</node>
    <node name="RangedMisc">|ATTACK.RANGED.MISC+ATTACK.RANGED.EPIC.INTVAL.SIGN|</node>
    <node name="FortSave">|CHECK.FORTITUDE.TOTAL|</node>
    <node name="FortBase">|CHECK.FORTITUDE.BASE|</node>
    <node name="FortAbility">|CHECK.FORTITUDE.STATMOD|</node>
    <node name="FortMisc">|CHECK.FORTITUDE.MISC.NOMAGIC.NOSTAT|</node>
    <node name="ReflexSave">|CHECK.REFLEX.TOTAL|</node>
    <node name="ReflexBase">|CHECK.REFLEX.BASE|</node>
    <node name="ReflexAbility">|CHECK.REFLEX.STATMOD|</node>
    <node name="ReflexMisc">|CHECK.REFLEX.MISC.NOMAGIC.NOSTAT|</node>
    <node name="WillSave">|CHECK.WILL.TOTAL|</node>
    <node name="WillBase">|CHECK.WILL.BASE|</node>
    <node name="WillAbility">|CHECK.WILL.STATMOD|</node>
    <node name="WillMisc">|CHECK.WILL.MISC.NOMAGIC.NOSTAT|</node>
|IIF(var("COUNT[EQTYPE.Weapon]")>=1)|
    <node name="Wep1Disp">on</node>
|ENDIF|
|IIF(var("COUNT[EQTYPE.Weapon]")>=2)|
    <node name="Wep2Disp">on</node>
|ENDIF|
|IIF(var("COUNT[EQTYPE.Weapon]")>=3)|
    <node name="Wep3Disp">on</node>
|ENDIF|
|IIF(var("COUNT[EQTYPE.Weapon]")>=4)|
    <node name="Wep4Disp">on</node>
|ENDIF|
|IIF(var("AC.Armor")>0)|
    <node name="Arm1Disp">on</node>
|ENDIF|
|IIF(var("COUNT[EQTYPE.Shield]")>0)|
    <node name="Arm2Disp">on</node>
|ENDIF|
|FOR,%weap,0,COUNT[EQTYPE.Weapon]-1,1,0|
    <node name="Weapon|%weap+1.INTVAL|">|WEAPON.%weap.NAME|</node>
    <node name="WeaponAttack|%weap+1.INTVAL|">|WEAPON.%weap.BASEHIT|</node>
    <node name="WeaponDamage|%weap+1.INTVAL|">|WEAPON.%weap.BASICDAMAGE|</node>
    <node name="WeaponCritical|%weap+1.INTVAL|">|WEAPON.%weap.CRIT|/x|WEAPON.%weap.MULT|</node>
|IIF(WEAPON.%weap.CATEGORY:Ranged)|
    <node name="WeaponRange|%weap+1.INTVAL|">|WEAPON.%weap.RANGE|</node>
|ELSE|
    <node name="WeaponRange|%weap+1.INTVAL|">|WEAPON.%weap.REACH|ft. Reach</node>
|ENDIF|
    <node name="WeaponWeight|%weap+1.INTVAL|">|EQ.IS.Weapon.%weap.WT|</node>
    <node name="WeaponType|%weap+1.INTVAL|">|WEAPON.%weap.TYPE|</node>
    <node name="WeaponSize|%weap+1.INTVAL|">|WEAPON.%weap.SIZE|</node>
    <node name="WeaponProperties|%weap+1.INTVAL|">|WEAPON.%weap.SPROP|</node>
|ENDFOR|
    <node name="Armor1">|ARMOR.EQUIPPED.0.NAME.NOSTAR|</node>
    <node name="ArmorType1">|ARMOR.EQUIPPED.0.TYPE|</node>
    <node name="ArmorBonus1">|ARMOR.EQUIPPED.0.ACBONUS|</node>
    <node name="ArmorProficient1">on</node>
    <node name="ArmorPenalty1">|ARMOR.EQUIPPED.0.ACCHECK|</node>
    <node name="ArmorWeight1">|ARMOR.EQUIPPED.0.WT|</node>
    <node name="ArmorSpeed1">|ARMOR.EQUIPPED.0.MOVE|</node>
    <node name="ArmorSize1">|ARMOR.EQUIPPED.0.SIZE|</node>
    <node name="ArmorMaxDex1">|ARMOR.EQUIPPED.0.MAXDEX|</node>
    <node name="Armor2">|ARMOR.SHIELD.EQUIPPED.0.NAME.NOSTAR|</node>
    <node name="ArmorType2">|ARMOR.SHIELD.EQUIPPED.0.TYPE|</node>
    <node name="ArmorBonus2">|ARMOR.SHIELD.EQUIPPED.0.ACBONUS|</node>
    <node name="ArmorProficient2">on</node>
    <node name="ArmorPenalty2">|ARMOR.SHIELD.EQUIPPED.0.ACCHECK|</node>
    <node name="ArmorWeight2">|ARMOR.SHIELD.EQUIPPED.0.WT|</node>
    <node name="ArmorSpeed2">|ARMOR.SHIELD.EQUIPPED.0.MOVE|</node>
    <node name="ArmorSize2">|ARMOR.SHIELD.EQUIPPED.0.SIZE|</node>
    <node name="ArmorMaxDex2">|ARMOR.SHIELD.EQUIPPED.0.MAXDEX|</node>
    <node name="Armor">|ARMOR.EQUIPPED.0.TYPE|</node>
    <node name="TotalWeight">|TOTAL.WEIGHT|</node>
    <node name="LightLoad">|WEIGHT.LIGHT|</node>
    <node name="MediumLoad">|WEIGHT.MEDIUM|</node>
    <node name="HeavyLoad">|WEIGHT.HEAVY|</node>
    <node name="LiftOverHead">|WEIGHT.HEAVY|</node>
    <node name="LiftOffGround">|WEIGHT.HEAVY*2.INTVAL|</node>
    <node name="LiftPushDrag">|WEIGHT.HEAVY*5.INTVAL|</node>
|IIF(var("SR")>0)|
    <node name="SpellResist">|SR|</node>
|ENDIF|
    <node name="MaxRank">|MAXSKILLLEVEL|</node>
    <node name="MaxRankCC">|MAXCCSKILLLEVEL|</node>
|FOR,%skill,0,COUNT[SKILLS]-1,1,0|
|IIF(%skill<9)|
    <node name="Skill0|%skill+1.INTVAL|">|SKILL.%skill|</node>
    <node name="Skill0|%skill+1.INTVAL|Ability">|SKILL.%skill.ABILITY|</node>
    <node name="Skill0|%skill+1.INTVAL|Total">|SKILL.%skill.TOTAL|</node>
    <node name="Skill0|%skill+1.INTVAL|Mod">|SKILL.%skill.ABMOD|</node>
    <node name="Skill0|%skill+1.INTVAL|Rank">|SKILL.%skill.RANK|</node>
    <node name="Skill0|%skill+1.INTVAL|Misc">|SKILL.%skill.MISC|</node>
|ELSE|
    <node name="Skill|%skill+1.INTVAL|">|SKILL.%skill|</node>
    <node name="Skill|%skill+1.INTVAL|Ability">|SKILL.%skill.ABILITY|</node>
    <node name="Skill|%skill+1.INTVAL|Total">|SKILL.%skill.TOTAL|</node>
    <node name="Skill|%skill+1.INTVAL|Mod">|SKILL.%skill.ABMOD|</node>
    <node name="Skill|%skill+1.INTVAL|Rank">|SKILL.%skill.RANK|</node>
    <node name="Skill|%skill+1.INTVAL|Misc">|SKILL.%skill.MISC|</node>
|ENDIF|
|ENDFOR|
|FOR,%equip,0,COUNT[EQUIPMENT]-1,1,0|
    <node name="Gear|%equip+1.INTVAL|">|EQ.Not.Coin.NOT.Gem.%equip.NAME|</node>
    <node name="GearWeight|%equip+1.INTVAL|">|EQ.Not.Coin.NOT.Gem.%equip.WT|</node>
|ENDFOR|
|FOR,%feat,0,COUNT[FEATSALL.VISIBLE]-1,1,0|
    <node name="Feat|%feat+1.INTVAL|">|FEATALL.VISIBLE.%feat|</node>
|ENDFOR|
|FOR,%language,0,COUNT[LANGUAGES]-1,1,0|
    <node name="Language|%language+1.INTVAL|">|LANGUAGES.%language|</node>
|ENDFOR|
|FOR,%talent,0,COUNT[FEATTYPE.Talent.HIDDEN]-1,1,0|
    <node name="Talent|%talent+1.INTVAL|">|FEATALL.HIDDEN.Talent.%talent|</node>
|ENDFOR|
    <node name="NotesDisp">on</node>
    <node name="Notes">Special Abilities: |SPECIALLIST|
|%DOMAIN.1|
------------------------------------------------------------
Deity: |DEITY|; Domains: |FOR.1,COUNT[DOMAINS]+1,1,\DOMAIN.%\;, ,NONE,1|
|%SPELLLISTBOOK.0.0.1|
------------------------------------------------------------
Innate Spells: |FOR.0,COUNT[SPELLSINBOOK.0.1.0],1,\SPELLMEM.0.1.0.%.NAME\ (\SPELLMEM.0.1.0.%.TIMES\/day DC \SPELLMEM.0.1.0.%.DC\); ,,,|
|FOR,%class,COUNT[SPELLRACE],COUNT[CLASSES],1,0|
|%SPELLLISTCLASS.%class|
------------------------------------------------------------
|SPELLLISTCLASS.%class| Spells (Casterlevel: |SPELLLISTCLASS.%class.LEVEL|, DC |SPELLLISTDC.%class.0| + Spell level)
|FOR,%sbook,0,COUNT[SPELLBOOKS]-1,1,1|
|%SPELLLISTBOOK.%class.1.%sbook|
|SPELLBOOKNAME.%sbook|
|FOR,%level,0,MAXSPELLLEVEL.%class,1,1|
|%||%SPELLLISTBOOK.%class.%level.%sbook|
|MANUALWHITESPACE||%level||TEXT.NUMSUFFIX.%level||ENDMANUALWHITESPACE| Level: |FOR.0,COUNT[SPELLSINBOOK.%class.%sbook.%level]-1,1,\SPELLMEM.%class.%sbook.%level.%.NAME\; ,,,|
|ENDFOR|
|ENDFOR|
|ENDFOR|
|%|
    </node>
  </data>
</character>
